"","symbol","date","open","high","low","close","volume","adjusted"
"1","AROW",2016-01-04,24.580706,25.203001,24.141438,25.074881,101842,20.828749
"2","AROW",2016-01-05,25.001671,25.203001,24.717976,24.864399,26881,20.65391
"3","AROW",2016-01-06,24.663069,25.029123,24.599009,24.937611,34639,20.714727
"4","AROW",2016-01-07,24.653915,24.763733,24.269558,24.406828,23603,20.273823
"5","AROW",2016-01-08,24.516645,24.983368,24.196344,24.223801,24149,20.121792
"6","AROW",2016-01-11,24.370222,24.690521,24.278708,24.553251,10927,20.395451
"7","AROW",2016-01-12,24.727127,25.05658,24.23295,24.5441,31798,20.387854
"8","AROW",2016-01-13,24.525797,24.525797,23.83029,24.040771,28629,19.969751
"9","AROW",2016-01-14,24.077377,24.452585,23.894348,23.985863,23275,19.924145
"10","AROW",2016-01-15,23.83029,24.040771,22.457577,23.354416,135717,19.39963
"11","AROW",2016-01-19,23.427626,23.96756,23.354416,23.885197,28957,19.840525
"12","AROW",2016-01-20,23.51914,24.470888,23.436777,24.342768,34530,20.22061
"13","AROW",2016-01-21,24.23295,24.23295,24.23295,24.23295,20980,20.129389
"14","AROW",2016-01-22,24.351919,24.553251,23.96756,24.525797,29831,20.372646
"15","AROW",2016-01-25,24.553251,24.553251,23.5832,23.601503,26990,19.604868
"16","AROW",2016-01-26,23.793682,24.113983,23.747927,23.995014,22619,19.931747
"17","AROW",2016-01-27,23.96756,24.48004,23.656412,23.656412,26881,19.650484
"18","AROW",2016-01-28,23.793682,24.342768,23.793682,24.141438,18139,20.053371
"19","AROW",2016-01-29,24.187195,25.19385,23.885197,25.184698,48626,20.919968
"20","AROW",2016-02-01,24.937611,24.937611,24.205498,24.580706,25023,20.418259
"21","AROW",2016-02-02,24.315313,24.516645,24.242104,24.29701,16937,20.182604
"22","AROW",2016-02-03,24.516645,24.516645,24.040771,24.333616,16391,20.213011
"23","AROW",2016-02-04,24.379374,24.425131,24.049923,24.049923,8195,19.977358
"24","AROW",2016-02-05,24.03162,24.315313,23.885197,23.885197,32782,19.840525
"25","AROW",2016-02-08,23.811987,24.315313,23.811987,24.123135,29831,20.038172
"26","AROW",2016-02-09,23.958408,24.342768,23.958408,24.049923,8851,19.977358
"27","AROW",2016-02-10,24.269558,24.397676,24.022469,24.022469,8195,19.954546
"28","AROW",2016-02-11,23.811987,24.141438,23.656412,23.894348,11474,19.848129
"29","AROW",2016-02-12,24.150587,24.489191,24.004166,24.351919,10381,20.22821
"30","AROW",2016-02-16,24.663069,24.974216,24.516645,24.882702,14205,20.669111
"31","AROW",2016-02-17,24.974216,24.974216,24.23295,24.443434,40977,20.304232
"32","AROW",2016-02-18,24.370222,24.672218,23.940105,24.068226,17921,19.992556
"33","AROW",2016-02-19,24.132286,24.461737,23.976711,24.113983,27427,20.030571
"34","AROW",2016-02-22,24.342768,24.608158,24.004166,24.196344,27100,20.098986
"35","AROW",2016-02-23,24.086529,24.123135,23.656412,23.665564,27865,19.658083
"36","AROW",2016-02-24,23.656412,23.912651,23.564898,23.876045,18358,19.832922
"37","AROW",2016-02-25,23.949257,24.187195,23.738775,24.150587,10709,20.060972
"38","AROW",2016-02-26,24.242104,24.260405,23.912651,23.96756,15517,19.908937
"39","AROW",2016-02-29,24.141438,24.242104,23.949257,23.949257,30596,19.893736
"40","AROW",2016-03-01,23.976711,24.223801,23.921803,24.141438,14096,20.24679
"41","AROW",2016-03-02,24.141438,24.324465,23.976711,24.223801,19560,20.315866
"42","AROW",2016-03-03,24.370222,24.672218,24.113983,24.635612,24805,20.661242
"43","AROW",2016-03-04,24.635612,24.635612,24.040771,24.150587,27209,20.254465
"44","AROW",2016-03-07,24.03162,24.553251,24.03162,24.196344,19341,20.292843
"45","AROW",2016-03-08,24.333616,24.333616,23.912651,23.96756,23494,20.100967
"46","AROW",2016-03-09,23.930954,24.214647,23.811987,23.857742,15080,20.008865
"47","AROW",2016-03-10,24.004166,24.086529,23.793682,24.004166,15517,20.131666
"48","AROW",2016-03-11,24.09568,24.333616,24.086529,24.324465,16828,20.40029
"49","AROW",2016-03-14,24.251253,24.260405,23.949257,24.013317,15080,20.139336
"50","AROW",2016-03-15,24.09568,24.15974,23.619806,23.656412,35077,19.840012
"51","AROW",2016-03-16,23.702169,23.876045,23.656412,23.839439,20106,19.993511
"52","AROW",2016-03-17,23.775379,24.278708,23.711321,24.251253,20871,20.33889
"53","AROW",2016-03-18,24.315313,24.5441,24.278708,24.443434,50265,20.500067
"54","AROW",2016-03-21,24.507494,24.617311,24.049923,24.09568,27427,20.208418
"55","AROW",2016-03-22,24.141438,24.333616,23.930954,24.141438,49282,20.24679
"56","AROW",2016-03-23,24.059074,24.196344,23.9035,24.068226,38355,20.185383
"57","AROW",2016-03-24,23.995014,24.635612,23.940105,24.324465,28302,20.40029
"58","AROW",2016-03-28,24.415979,24.562403,24.059074,24.23295,18358,20.323538
"59","AROW",2016-03-29,24.09568,24.599009,24.03162,24.516645,40212,20.561468
"60","AROW",2016-03-30,24.525797,24.571554,24.425131,24.507494,20871,20.553787
"61","AROW",2016-03-31,24.571554,24.571554,24.187195,24.315313,25570,20.392612
"62","AROW",2016-04-01,24.187195,24.516645,24.068226,24.489191,18904,20.538443
"63","AROW",2016-04-04,24.525797,24.525797,24.23295,24.370222,20980,20.438665
"64","AROW",2016-04-05,24.278708,24.278708,23.894348,23.912651,21308,20.054911
"65","AROW",2016-04-06,23.894348,24.059074,23.857742,23.985863,25351,20.116312
"66","AROW",2016-04-07,23.921803,23.96756,23.729624,23.757076,29722,19.924437
"67","AROW",2016-04-08,23.949257,24.013317,23.711321,23.76623,14205,19.932116
"68","AROW",2016-04-11,23.885197,24.132286,23.811987,23.894348,15735,20.039562
"69","AROW",2016-04-12,23.848593,24.260405,23.848593,24.205498,22619,20.300518
"70","AROW",2016-04-13,24.223801,24.708824,24.223801,24.708824,39775,20.722641
"71","AROW",2016-04-14,24.690521,25.102337,24.644766,24.901005,26881,20.88382
"72","AROW",2016-04-15,24.772884,25.05658,24.690521,24.727127,15735,20.737993
"73","AROW",2016-04-18,24.736279,24.983368,24.717976,24.928459,17047,20.906843
"74","AROW",2016-04-19,24.965063,25.111486,24.800339,24.882702,15517,20.868469
"75","AROW",2016-04-20,24.955914,25.166395,24.772884,25.084032,6884,21.037319
"76","AROW",2016-04-21,25.166395,25.806995,25.093184,25.688026,40977,21.543875
"77","AROW",2016-04-22,25.605663,25.889359,25.541603,25.816147,36606,21.651325
"78","AROW",2016-04-25,25.550755,25.825298,25.477545,25.642269,17811,21.505497
"79","AROW",2016-04-26,25.77039,26.273718,25.697178,26.227961,20762,21.996704
"80","AROW",2016-04-27,26.1639,26.475048,25.935116,26.346928,30487,22.096479
"81","AROW",2016-04-28,26.227961,26.4842,26.026628,26.063234,14205,21.858551
"82","AROW",2016-04-29,25.990023,26.191355,25.688026,25.77039,22182,21.612949
"83","AROW",2016-05-02,25.990023,26.136446,25.504997,26.127295,22401,21.912277
"84","AROW",2016-05-03,25.852753,26.173052,25.514149,25.642269,15954,21.505497
"85","AROW",2016-05-04,25.623966,26.026628,25.504997,25.742935,18795,21.589926
"86","AROW",2016-05-05,25.806995,25.806995,25.614815,25.669724,20762,21.528528
"87","AROW",2016-05-06,25.605663,25.733784,25.459242,25.596512,9070,21.467121
"88","AROW",2016-05-09,25.623966,26.127295,25.623966,26.017477,23931,21.820171
"89","AROW",2016-05-10,25.990023,26.218809,25.806995,26.008326,24149,21.812504
"90","AROW",2016-05-11,25.889359,26.108992,25.806995,25.825298,15517,21.659
"91","AROW",2016-05-12,25.889359,25.990023,25.532452,25.742935,19997,21.589926
"92","AROW",2016-05-13,25.90766,25.90766,25.596512,25.678875,20543,21.536196
"93","AROW",2016-05-16,25.843599,26.292021,25.806995,26.072386,17593,21.866226
"94","AROW",2016-05-17,26.044931,26.136446,25.065729,25.303667,28302,21.221527
"95","AROW",2016-05-18,25.212152,26.145597,25.212152,26.081537,14424,21.873903
"96","AROW",2016-05-19,26.063234,26.063234,25.431787,25.688026,21527,21.543875
"97","AROW",2016-05-20,25.83445,26.191355,25.806995,25.944265,16937,21.758778
"98","AROW",2016-05-23,25.788692,26.1639,25.779541,25.999174,23712,21.804821
"99","AROW",2016-05-24,26.209658,27.005831,26.209658,26.777044,30815,22.457205
"100","AROW",2016-05-25,26.850256,27.115646,26.594017,26.685532,24368,22.380455
"101","AROW",2016-05-26,26.603168,26.603168,26.328627,26.438442,16719,22.173227
"102","AROW",2016-05-27,26.365231,26.630623,26.356079,26.630623,13113,22.334404
"103","AROW",2016-05-31,26.4842,26.676378,26.4842,26.594017,15080,22.303707
"104","AROW",2016-06-01,26.356079,26.539108,26.173052,26.475048,18576,22.396603
"105","AROW",2016-06-02,26.502502,26.539108,26.182203,26.529957,11146,22.443054
"106","AROW",2016-06-03,26.420139,26.420139,25.962568,26.356079,14424,22.295961
"107","AROW",2016-06-06,26.310324,26.886862,26.310324,26.859407,16282,22.721754
"108","AROW",2016-06-07,26.868559,27.1248,26.822802,26.932619,19451,22.783688
"109","AROW",2016-06-08,27.069889,27.426796,27.005831,27.381039,19341,23.163029
"110","AROW",2016-06-09,27.316978,27.445099,26.941771,27.316978,34639,23.108837
"111","AROW",2016-06-10,27.051586,27.554914,27.051586,27.490854,33875,23.255926
"112","AROW",2016-06-13,27.399342,27.637278,26.950922,26.987528,33219,22.830137
"113","AROW",2016-06-14,26.978376,27.381039,26.978376,27.26207,16172,23.062389
"114","AROW",2016-06-15,27.45425,27.45425,27.06074,27.161404,18249,22.977226
"115","AROW",2016-06-16,27.088194,27.307827,26.831953,27.271221,19778,23.070124
"116","AROW",2016-06-17,27.353584,27.426796,26.81365,27.005831,54199,22.845621
"117","AROW",2016-06-20,27.225464,27.628126,26.905165,27.042437,24368,22.876587
"118","AROW",2016-06-21,27.088194,27.18886,26.923468,27.042437,7758,22.876587
"119","AROW",2016-06-22,27.198009,27.344433,26.740438,26.960073,24586,22.80691
"120","AROW",2016-06-23,27.198009,27.792852,27.133949,27.774549,19888,23.495922
"121","AROW",2016-06-24,26.886862,27.26207,26.694681,26.740438,53544,22.621113
"122","AROW",2016-06-27,26.658077,27.005831,25.83445,25.990023,35514,21.986296
"123","AROW",2016-06-28,26.154749,26.493351,26.072386,26.401836,25788,22.334671
"124","AROW",2016-06-29,26.712984,27.170555,26.685532,27.1248,20106,22.94626
"125","AROW",2016-06-30,27.106497,27.820307,27.024134,27.719641,27209,23.449471
"126","AROW",2016-07-01,27.618975,27.83861,27.280373,27.381039,12348,23.163029
"127","AROW",2016-07-05,27.152252,27.45425,26.978376,27.088194,17265,22.915298
"128","AROW",2016-07-06,26.978376,27.59152,26.978376,27.408493,16391,23.186249
"129","AROW",2016-07-07,27.646429,27.683035,27.307827,27.435947,7758,23.209476
"130","AROW",2016-07-08,27.655581,27.966728,27.435947,27.939276,26990,23.635267
"131","AROW",2016-07-11,27.994183,28.470057,27.994183,28.250423,16937,23.898481
"132","AROW",2016-07-12,28.186363,28.7446,28.177212,28.424299,32235,24.045574
"133","AROW",2016-07-13,28.076546,28.735449,28.076546,28.515814,25351,24.122992
"134","AROW",2016-07-14,28.836115,28.936779,28.579874,28.726297,8960,24.301052
"135","AROW",2016-07-15,28.689692,28.918476,28.506662,28.872719,18467,24.424911
"136","AROW",2016-07-18,28.772055,28.772055,28.451754,28.726297,34967,24.301052
"137","AROW",2016-07-19,28.61648,28.790358,28.488359,28.634783,29394,24.223635
"138","AROW",2016-07-20,28.698841,28.735449,28.387693,28.543268,21964,24.146215
"139","AROW",2016-07-21,28.607328,28.909325,28.424299,28.543268,19232,24.146215
"140","AROW",2016-07-22,28.643934,29.202169,28.460905,29.064899,21090,24.587492
"141","AROW",2016-07-25,29.028294,29.26623,29.028294,29.229626,14970,24.726835
"142","AROW",2016-07-26,29.009991,29.275381,29.009991,29.12896,15298,24.641687
"143","AROW",2016-07-27,29.147263,29.714649,29.147263,29.485865,32017,24.943607
"144","AROW",2016-07-28,29.52247,29.586531,29.019142,29.385199,17702,24.858448
"145","AROW",2016-07-29,29.220472,29.293686,28.872719,28.909325,18467,24.455881
"146","AROW",2016-08-01,28.909325,29.101505,28.387693,28.497511,23166,24.107508
"147","AROW",2016-08-02,28.589025,28.625631,28.460905,28.55242,13550,24.153961
"148","AROW",2016-08-03,28.598177,28.836115,28.433451,28.772055,8523,24.339756
"149","AROW",2016-08-04,28.836115,28.836115,28.515814,28.598177,8195,24.192667
"150","AROW",2016-08-05,28.7446,29.055748,28.589025,29.019142,22619,24.54878
"151","AROW",2016-08-08,28.973385,29.26623,28.808659,28.854418,11911,24.409431
"152","AROW",2016-08-09,28.982536,29.229626,28.94593,29.220472,7758,24.719101
"153","AROW",2016-08-10,29.165565,29.183868,28.772055,29.000839,14970,24.533297
"154","AROW",2016-08-11,29.101505,29.275381,29.101505,29.275381,15407,24.765551
"155","AROW",2016-08-12,29.092354,29.26623,29.019142,29.147263,11037,24.657167
"156","AROW",2016-08-15,29.110657,29.238775,28.845264,29.037445,13550,24.564262
"157","AROW",2016-08-16,29.000839,29.101505,28.845264,28.955082,10709,24.494593
"158","AROW",2016-08-17,28.973385,29.083202,28.854418,28.936779,7212,24.479111
"159","AROW",2016-08-18,28.936779,29.26623,28.918476,29.202169,13331,24.703611
"160","AROW",2016-08-19,29.238775,29.238775,29.009991,29.037445,22947,24.564262
"161","AROW",2016-08-22,29.101505,29.284533,28.964233,29.211323,7758,24.711359
"162","AROW",2016-08-23,29.284533,29.59568,29.202169,29.357744,29285,24.835222
"163","AROW",2016-08-24,29.467562,29.531622,29.110657,29.247927,19560,24.742323
"164","AROW",2016-08-25,29.110657,29.641438,29.110657,29.613983,11583,25.051989
"165","AROW",2016-08-26,29.742104,29.824467,29.311987,29.577377,9288,25.021023
"166","AROW",2016-08-29,29.650591,29.714649,29.376047,29.440107,14752,24.904898
"167","AROW",2016-08-30,29.650591,30.016645,29.513319,29.934284,22729,25.322948
"168","AROW",2016-08-31,29.760406,29.879375,29.504168,29.668894,32345,25.291746
"169","AROW",2016-09-01,29.513319,29.797012,29.238775,29.623137,24368,25.252737
"170","AROW",2016-09-02,29.742104,29.925133,29.742104,29.925133,9507,25.51018
"171","AROW",2016-09-06,29.824467,29.998344,29.769558,29.943436,10709,25.525784
"172","AROW",2016-09-07,29.742104,30.153917,29.742104,30.071554,15298,25.634998
"173","AROW",2016-09-08,30.153917,30.190523,29.943436,30.089857,7103,25.6506
"174","AROW",2016-09-09,29.90683,30.099009,29.467562,29.549925,22510,25.190325
"175","AROW",2016-09-12,29.559076,30.089857,29.540773,30.089857,13113,25.6506
"176","AROW",2016-09-13,29.769558,29.879375,29.421804,29.495016,15735,25.143515
"177","AROW",2016-09-14,29.485865,29.815315,29.339441,29.449259,14643,25.104511
"178","AROW",2016-09-15,29.549925,30.007496,29.293686,29.888527,24696,25.478973
"179","AROW",2016-09-16,29.980042,30.437613,29.861073,30.272886,39775,25.806631
"180","AROW",2016-09-19,30.144766,30.144766,29.12896,29.485865,30269,25.135717
"181","AROW",2016-09-20,29.696346,29.696346,29.26623,29.549925,27755,25.190325
"182","AROW",2016-09-21,29.613983,29.925133,29.293686,29.769558,31798,25.377554
"183","AROW",2016-09-22,29.760406,30.48337,29.760406,30.391855,16282,25.908049
"184","AROW",2016-09-23,29.833618,30.840275,29.833618,30.611488,31471,26.095276
"185","AROW",2016-09-26,30.327795,30.840275,29.943436,29.961739,28411,25.541382
"186","AROW",2016-09-27,30.016645,30.355249,29.321138,30.135614,29176,25.689608
"187","AROW",2016-09-28,31.188028,31.188028,29.989191,30.538277,16609,26.032866
"188","AROW",2016-09-29,30.519974,30.565731,29.742104,29.778709,20434,25.385357
"189","AROW",2016-09-30,29.815315,30.300341,29.33029,30.044102,33219,25.611597
"190","AROW",2016-10-03,29.888527,30.410156,29.037445,29.559076,22401,25.198124
"191","AROW",2016-10-04,29.613983,29.851921,29.275381,29.467562,19013,25.120113
"192","AROW",2016-10-05,29.577377,30.062405,29.577377,29.815315,12020,25.416569
"193","AROW",2016-10-06,29.65974,29.797012,29.513319,29.687195,7758,25.307341
"194","AROW",2016-10-07,29.385199,29.714649,29.385199,29.641438,12020,25.268339
"195","AROW",2016-10-10,30.181372,30.300341,29.696346,29.934284,20543,25.517981
"196","AROW",2016-10-11,29.970888,29.970888,29.421804,29.504168,13659,25.151323
"197","AROW",2016-10-12,29.52247,29.84277,29.52247,29.769558,13003,25.377554
"198","AROW",2016-10-13,29.641438,29.641438,29.12896,29.138109,19451,24.839266
"199","AROW",2016-10-14,29.467562,29.559076,29.211323,29.275381,13222,24.956287
"200","AROW",2016-10-17,29.12896,29.485865,29.12896,29.339441,9616,25.010899
"201","AROW",2016-10-18,29.84277,30.355249,28.479208,29.110657,13659,24.815868
"202","AROW",2016-10-19,29.220472,29.586531,29.19302,29.476713,6993,25.127916
"203","AROW",2016-10-20,29.403502,29.449259,28.94593,29.147263,9835,24.847071
"204","AROW",2016-10-21,28.854418,29.275381,28.836115,28.964233,17265,24.691046
"205","AROW",2016-10-24,29.19302,29.833618,29.165565,29.751255,18358,25.361954
"206","AROW",2016-10-25,29.623137,29.641438,29.037445,29.366896,11692,25.0343
"207","AROW",2016-10-26,29.357744,29.440107,28.863567,28.936779,12676,24.667643
"208","AROW",2016-10-27,29.174717,29.440107,29.046597,29.165565,16282,24.862673
"209","AROW",2016-10-28,29.211323,29.39435,28.81781,28.918476,9288,24.652039
"210","AROW",2016-10-31,28.918476,29.238775,28.781204,28.918476,13113,24.652039
"211","AROW",2016-11-01,29.055748,29.055748,28.643934,28.781204,18139,24.535019
"212","AROW",2016-11-02,28.826962,28.854418,28.277878,28.277878,20980,24.105949
"213","AROW",2016-11-03,28.323633,28.460905,27.966728,28.049091,17374,23.910917
"214","AROW",2016-11-04,28.277878,28.735449,28.140606,28.186363,13113,24.027935
"215","AROW",2016-11-07,28.55242,28.964233,28.55242,28.918476,13768,24.652039
"216","AROW",2016-11-08,28.918476,29.055748,28.735449,28.964233,7431,24.691046
"217","AROW",2016-11-09,29.101505,30.703003,29.101505,30.657246,36388,26.134283
"218","AROW",2016-11-10,31.480873,33.219643,30.88603,32.899342,72448,28.045593
"219","AROW",2016-11-11,32.807827,34.775383,32.48753,34.683868,77147,29.566847
"220","AROW",2016-11-14,35.324467,36.148094,32.899342,34.912655,56275,29.761875
"221","AROW",2016-11-15,34.592354,34.592354,32.039108,33.951756,39010,28.942745
"222","AROW",2016-11-16,33.677212,34.180542,33.082371,33.997513,30159,28.981747
"223","AROW",2016-11-17,34.04327,34.500839,33.814484,34.226299,40322,29.176777
"224","AROW",2016-11-18,34.638111,35.187199,33.997513,35.141441,39120,29.956911
"225","AROW",2016-11-21,35.095684,35.141441,34.729626,35.141441,16828,29.956911
"226","AROW",2016-11-22,35.049927,35.507496,34.912655,35.370224,23821,30.151932
"227","AROW",2016-11-23,35.324467,35.965069,33.247097,35.965069,23275,30.659031
"228","AROW",2016-11-25,36.010822,36.148094,35.59901,36.102337,6884,30.776031
"229","AROW",2016-11-28,35.78204,36.05658,35.415981,35.717979,19013,30.448387
"230","AROW",2016-11-29,35.553253,36.148094,35.553253,35.736282,13659,30.463987
"231","AROW",2016-11-30,36.05658,36.221306,34.455082,34.638111,33110,29.718098
"232","AROW",2016-12-01,34.82114,35.415981,34.775383,35.187199,21855,30.189186
"233","AROW",2016-12-02,35.095684,35.232952,34.729626,34.775383,11255,29.835861
"234","AROW",2016-12-05,34.958412,36.102337,34.866898,35.965069,26553,30.856569
"235","AROW",2016-12-06,36.102337,36.102337,35.232952,35.278709,49610,30.2677
"236","AROW",2016-12-07,35.232952,36.148094,35.232952,36.05658,35514,30.935087
"237","AROW",2016-12-08,36.102337,37.658077,36.010822,37.154751,41633,31.877266
"238","AROW",2016-12-09,36.834454,37.886864,35.827797,37.246265,44802,31.955784
"239","AROW",2016-12-12,37.246265,38.024136,36.605667,36.925964,34421,31.680988
"240","AROW",2016-12-13,37.292023,37.74044,36.376881,36.971722,33219,31.720243
"241","AROW",2016-12-14,36.55991,36.779545,35.278709,36.376881,32017,31.20989
"242","AROW",2016-12-15,36.651424,37.520809,36.55991,37.154751,37699,31.877266
"243","AROW",2016-12-16,37.063236,37.282871,36.05658,36.148094,94739,31.013596
"244","AROW",2016-12-19,36.376881,37.154751,35.809494,36.834454,29831,31.602463
"245","AROW",2016-12-20,37.063236,38.161407,37.063236,38.161407,31471,32.74094
"246","AROW",2016-12-21,37.932621,38.024136,37.246265,37.246265,24368,31.955784
"247","AROW",2016-12-22,37.33778,37.475052,37.017479,37.246265,15845,31.955784
"248","AROW",2016-12-23,37.246265,37.841106,37.072388,37.841106,13550,32.466125
"249","AROW",2016-12-27,37.841106,37.841106,37.383537,37.703835,14752,32.348362
"250","AROW",2016-12-28,37.703835,37.703835,37.33778,37.429295,8523,32.112808
"251","AROW",2016-12-29,37.520809,37.520809,36.797848,37.292023,9835,31.995039
"252","AROW",2016-12-30,37.292023,37.33778,36.468395,37.063236,31798,31.798754
"253","AROW",2017-01-03,37.475052,37.475052,36.651424,37.108994,15407,31.838009
"254","AROW",2017-01-04,37.429295,37.429295,36.788696,37.292023,16500,31.995039
"255","AROW",2017-01-05,37.246265,37.246265,35.827797,36.010822,29176,30.895819
"256","AROW",2017-01-06,36.193851,36.193851,33.722969,35.553253,62067,30.503241
"257","AROW",2017-01-09,35.187199,35.78204,34.958412,35.141441,29941,30.149923
"258","AROW",2017-01-10,35.141441,35.690525,35.049927,35.507496,26225,30.463984
"259","AROW",2017-01-11,35.553253,35.690525,34.912655,35.461739,18686,30.424723
"260","AROW",2017-01-12,35.278709,35.278709,34.317814,35.049927,17811,30.071407
"261","AROW",2017-01-13,35.278709,35.736282,35.278709,35.507496,16937,30.463984
"262","AROW",2017-01-17,35.049927,35.049927,34.180542,34.317814,20434,29.443287
"263","AROW",2017-01-18,34.317814,34.500839,33.494186,33.905998,37808,29.089964
"264","AROW",2017-01-19,33.905998,33.905998,33.219643,33.402672,23057,28.65814
"265","AROW",2017-01-20,33.2654,34.272057,33.2654,33.860241,29067,29.050711
"266","AROW",2017-01-23,33.356915,34.409325,32.990856,33.219643,27865,28.501106
"267","AROW",2017-01-24,33.2654,33.997513,32.716312,33.677212,21417,28.893684
"268","AROW",2017-01-25,34.089027,34.317814,33.860241,34.04327,21855,29.207747
"269","AROW",2017-01-26,34.226299,34.226299,33.677212,33.768726,12676,28.972197
"270","AROW",2017-01-27,33.677212,33.860241,33.2654,33.539944,9070,28.775911
"271","AROW",2017-01-30,33.128128,33.128128,31.84693,32.258743,53434,27.676691
"272","AROW",2017-01-31,32.075714,32.48753,31.618143,32.304501,27427,27.715948
"273","AROW",2017-02-01,32.624802,32.76207,31.984201,31.984201,16500,27.441149
"274","AROW",2017-02-02,31.984201,32.807827,31.023302,31.206331,33656,26.773762
"275","AROW",2017-02-03,31.6639,31.938444,31.160574,31.755417,40212,27.244858
"276","AROW",2017-02-06,31.389359,32.76207,31.389359,32.304501,79878,27.715948
"277","AROW",2017-02-07,32.396015,32.716312,32.167229,32.396015,60537,27.794464
"278","AROW",2017-02-08,32.029957,32.203835,31.297846,31.297846,35514,26.85228
"279","AROW",2017-02-09,31.572388,31.618143,31.252089,31.343601,31361,26.891537
"280","AROW",2017-02-10,31.206331,31.755417,31.160574,31.343601,32126,26.891537
"281","AROW",2017-02-13,31.709658,32.258743,31.709658,31.938444,26881,27.401884
"282","AROW",2017-02-14,31.920141,32.579044,31.755417,32.579044,22729,27.951492
"283","AROW",2017-02-15,32.48753,32.76207,32.396015,32.670555,8086,28.030012
"284","AROW",2017-02-16,32.807827,33.036613,32.670555,32.716312,17484,28.069267
"285","AROW",2017-02-17,32.716312,32.945099,32.579044,32.76207,23821,28.108526
"286","AROW",2017-02-21,32.945099,33.292854,32.441772,32.853584,17047,28.187038
"287","AROW",2017-02-22,32.533287,33.036613,32.533287,32.899342,8851,28.226297
"288","AROW",2017-02-23,33.036613,33.082371,32.396015,32.670555,22729,28.030012
"289","AROW",2017-02-24,32.396015,32.76207,32.350258,32.670555,19888,28.030012
"290","AROW",2017-02-27,32.624802,32.807827,32.350258,32.579044,20215,28.148611
"291","AROW",2017-02-28,32.48753,32.533287,31.892687,31.938444,29504,27.595125
"292","AROW",2017-03-01,32.624802,32.807827,32.167229,32.396015,30815,27.990477
"293","AROW",2017-03-02,32.670555,32.670555,31.435116,31.52663,23603,27.239319
"294","AROW",2017-03-03,31.801172,31.801172,31.297846,31.801172,27974,27.476526
"295","AROW",2017-03-06,31.480873,31.755417,31.343601,31.618143,10272,27.318386
"296","AROW",2017-03-07,31.618143,31.755417,31.297846,31.52663,20434,27.239319
"297","AROW",2017-03-08,31.801172,31.883535,30.977545,31.023302,23384,26.804443
"298","AROW",2017-03-09,31.069059,31.52663,30.88603,30.977545,29394,26.764904
"299","AROW",2017-03-10,31.435116,31.52663,30.840275,31.023302,24914,26.804443
"300","AROW",2017-03-13,31.069059,31.480873,30.904333,31.297846,18576,27.041645
"301","AROW",2017-03-14,31.114817,31.618143,31.114817,31.52663,20653,27.239319
"302","AROW",2017-03-15,31.84693,32.029957,31.572388,31.801172,21855,27.476526
"303","AROW",2017-03-16,32.121471,32.304501,31.984201,32.167229,14970,27.792801
"304","AROW",2017-03-17,32.075714,32.76207,31.892687,32.716312,94958,28.267214
"305","AROW",2017-03-20,32.441772,32.533287,32.029957,32.212986,17484,27.832335
"306","AROW",2017-03-21,32.350258,32.441772,30.611488,30.657246,39338,26.488161
"307","AROW",2017-03-22,30.474216,30.794518,30.108162,30.291189,55183,26.171885
"308","AROW",2017-03-23,30.519974,31.114817,30.474216,30.88603,24368,26.685835
"309","AROW",2017-03-24,31.069059,31.160574,30.703003,30.794518,11911,26.606766
"310","AROW",2017-03-27,30.245432,30.88603,29.980042,30.88603,15735,26.685835
"311","AROW",2017-03-28,30.657246,31.52663,30.657246,31.480873,20980,27.199785
"312","AROW",2017-03-29,31.160574,31.517479,30.88603,31.297846,31143,27.041645
"313","AROW",2017-03-30,31.206331,32.396015,31.114817,32.304501,26444,27.911406
"314","AROW",2017-03-31,32.441772,32.441772,30.88603,31.023302,46659,26.804443
"315","AROW",2017-04-03,31.160574,31.389359,30.611488,31.160574,33875,26.923046
"316","AROW",2017-04-04,31.069059,31.480873,30.703003,31.160574,22292,26.923046
"317","AROW",2017-04-05,31.389359,31.645599,30.474216,30.519974,22182,26.369562
"318","AROW",2017-04-06,30.336946,30.995848,30.336946,30.840275,21527,26.646299
"319","AROW",2017-04-07,30.703003,30.931787,30.611488,30.74876,11255,26.567232
"320","AROW",2017-04-10,31.023302,31.435116,30.336946,30.428459,16719,26.290491
"321","AROW",2017-04-11,30.291189,31.114817,30.291189,31.069059,13331,26.843975
"322","AROW",2017-04-12,30.88603,30.88603,30.108162,30.291189,15407,26.171885
"323","AROW",2017-04-13,30.245432,30.245432,29.787861,29.833618,21308,25.776537
"324","AROW",2017-04-17,30.291189,30.336946,29.696346,30.291189,27100,26.171885
"325","AROW",2017-04-18,29.925133,30.840275,29.925133,30.74876,19560,26.567232
"326","AROW",2017-04-19,30.74876,31.069059,30.529125,30.703003,13550,26.527695
"327","AROW",2017-04-20,30.977545,31.069059,30.840275,31.023302,14752,26.804443
"328","AROW",2017-04-21,30.794518,30.977545,30.519974,30.565731,20434,26.409092
"329","AROW",2017-04-24,31.297846,31.984201,31.297846,31.801172,22182,27.476526
"330","AROW",2017-04-25,31.938444,32.48753,31.618143,32.121471,22619,27.753267
"331","AROW",2017-04-26,32.029957,32.945099,32.029957,32.670555,26881,28.22768
"332","AROW",2017-04-27,32.807827,32.807827,31.709658,31.801172,10927,27.476526
"333","AROW",2017-04-28,31.709658,31.755417,31.206331,31.343601,13659,27.081182
"334","AROW",2017-05-01,31.480873,31.84693,31.389359,31.801172,12020,27.476526
"335","AROW",2017-05-02,32.029957,32.029957,31.389359,31.572388,12239,27.278851
"336","AROW",2017-05-03,31.297846,31.480873,30.959242,31.389359,16719,27.120716
"337","AROW",2017-05-04,31.572388,31.709658,31.206331,31.435116,12566,27.160246
"338","AROW",2017-05-05,31.389359,31.389359,31.023302,31.160574,11801,26.923046
"339","AROW",2017-05-08,31.114817,31.343601,31.114817,31.343601,11911,27.081182
"340","AROW",2017-05-09,31.297846,31.306995,30.657246,30.703003,22947,26.527695
"341","AROW",2017-05-10,30.565731,31.114817,30.565731,30.840275,15954,26.646299
"342","AROW",2017-05-11,30.611488,30.840275,30.336946,30.519974,16609,26.369562
"343","AROW",2017-05-12,30.336946,30.474216,29.970888,30.108162,12894,26.013746
"344","AROW",2017-05-15,30.245432,30.519974,30.108162,30.336946,16391,26.211418
"345","AROW",2017-05-16,30.474216,30.519974,30.108162,30.291189,11801,26.171885
"346","AROW",2017-05-17,29.742104,29.833618,29.220472,29.467562,32673,25.46026
"347","AROW",2017-05-18,29.559076,30.318644,29.559076,29.696346,28192,25.657934
"348","AROW",2017-05-19,29.650591,30.016645,29.33029,29.421804,38355,25.420723
"349","AROW",2017-05-22,29.376047,29.604834,29.147263,29.559076,27209,25.539333
"350","AROW",2017-05-23,29.650591,29.696346,29.238775,29.650591,22947,25.618401
"351","AROW",2017-05-24,29.787861,29.787861,29.147263,29.376047,19888,25.381191
"352","AROW",2017-05-25,29.650591,29.787861,29.284533,29.742104,27646,25.697472
"353","AROW",2017-05-26,29.879375,29.925133,29.559076,29.879375,23603,25.816072
"354","AROW",2017-05-30,29.650591,29.696346,29.376047,29.467562,25679,25.46026
"355","AROW",2017-05-31,29.33029,29.467562,28.762901,28.964233,30269,25.221199
"356","AROW",2017-06-01,29.009991,29.650591,28.781204,29.604834,25351,25.779018
"357","AROW",2017-06-02,29.284533,30.611488,29.284533,29.696346,35077,25.858704
"358","AROW",2017-06-05,29.513319,30.336946,29.467562,29.513319,17374,25.699327
"359","AROW",2017-06-06,29.147263,29.742104,28.781204,29.009991,21855,25.261044
"360","AROW",2017-06-07,29.284533,29.559076,29.147263,29.238775,15517,25.46026
"361","AROW",2017-06-08,29.101505,30.428459,29.101505,30.153917,29394,26.257141
"362","AROW",2017-06-09,30.291189,31.755417,30.199675,31.389359,49828,27.332932
"363","AROW",2017-06-12,31.618143,32.029957,30.428459,30.703003,29504,26.735268
"364","AROW",2017-06-13,30.703003,30.867727,30.336946,30.657246,18249,26.695423
"365","AROW",2017-06-14,30.428459,31.206331,30.291189,30.291189,36279,26.376677
"366","AROW",2017-06-15,30.382704,30.657246,29.787861,30.245432,53544,26.33683
"367","AROW",2017-06-16,30.016645,30.199675,29.815315,30.016645,60756,26.137608
"368","AROW",2017-06-19,30.153917,30.199675,29.833618,29.970888,12894,26.097769
"369","AROW",2017-06-20,29.879375,30.108162,29.284533,29.284533,18795,25.500105
"370","AROW",2017-06-21,29.376047,29.376047,28.826962,28.872719,21308,25.141508
"371","AROW",2017-06-22,28.826962,29.101505,28.762901,28.872719,16828,25.141508
"372","AROW",2017-06-23,28.918476,29.055748,28.41515,28.964233,53981,25.221199
"373","AROW",2017-06-26,28.872719,28.872719,28.460905,28.506662,16172,24.822758
"374","AROW",2017-06-27,28.460905,28.872719,28.460905,28.460905,17811,24.782917
"375","AROW",2017-06-28,28.506662,29.101505,28.506662,29.055748,22401,25.300884
"376","AROW",2017-06-29,29.421804,29.421804,28.918476,29.238775,11583,25.46026
"377","AROW",2017-06-30,29.284533,29.284533,28.826962,28.964233,22073,25.221199
"378","AROW",2017-07-03,28.964233,29.696346,28.918476,29.33029,10709,25.539949
"379","AROW",2017-07-05,29.19302,29.19302,28.55242,28.735449,12239,25.021982
"380","AROW",2017-07-06,28.643934,29.238775,28.579874,28.918476,13550,25.181355
"381","AROW",2017-07-07,28.826962,29.238775,28.826962,29.19302,6993,25.420424
"382","AROW",2017-07-10,29.147263,29.147263,28.55242,28.598177,12894,24.902449
"383","AROW",2017-07-11,28.41515,28.579874,28.149757,28.41515,20762,24.743078
"384","AROW",2017-07-12,28.094849,28.826962,28.094849,28.826962,14424,25.101665
"385","AROW",2017-07-13,28.781204,28.88187,28.534117,28.689692,14533,24.982138
"386","AROW",2017-07-14,28.36939,28.598177,28.36939,28.506662,10709,24.822758
"387","AROW",2017-07-17,28.094849,28.781204,28.094849,28.598177,15517,24.902449
"388","AROW",2017-07-18,28.36939,28.872719,28.36939,28.781204,13113,25.061825
"389","AROW",2017-07-19,28.598177,29.055748,28.598177,28.735449,19341,25.021982
"390","AROW",2017-07-20,28.643934,29.055748,28.598177,28.964233,8960,25.221199
"391","AROW",2017-07-21,29.055748,29.742104,28.781204,29.467562,38464,25.659479
"392","AROW",2017-07-24,29.440107,29.604834,29.33029,29.376047,10818,25.579792
"393","AROW",2017-07-25,29.742104,30.062405,29.513319,29.879375,23057,26.018078
"394","AROW",2017-07-26,29.833618,29.925133,29.421804,29.513319,15517,25.699327
"395","AROW",2017-07-27,29.650591,29.943436,29.376047,29.376047,23931,25.579792
"396","AROW",2017-07-28,29.421804,29.742104,29.238775,29.604834,17156,25.779018
"397","AROW",2017-07-31,29.879375,30.016645,29.559076,29.833618,12566,25.978235
"398","AROW",2017-08-01,29.833618,30.199675,29.604834,30.108162,24586,26.217299
"399","AROW",2017-08-02,30.108162,30.382704,29.970888,30.016645,20215,26.137608
"400","AROW",2017-08-03,30.153917,30.153917,29.787861,29.925133,26663,26.057924
"401","AROW",2017-08-04,30.153917,30.245432,29.742104,29.970888,10381,26.097769
"402","AROW",2017-08-07,30.153917,30.153917,29.33029,29.650591,20543,25.818859
"403","AROW",2017-08-08,29.376047,30.245432,29.376047,29.559076,22401,25.73917
"404","AROW",2017-08-09,29.284533,29.879375,29.284533,29.696346,21199,25.858704
"405","AROW",2017-08-10,29.421804,29.650591,29.284533,29.33029,26335,25.539949
"406","AROW",2017-08-11,29.650591,29.833618,28.643934,28.918476,31471,25.181355
"407","AROW",2017-08-14,28.918476,29.879375,28.918476,29.833618,23603,25.978235
"408","AROW",2017-08-15,29.879375,29.879375,29.284533,29.33029,13659,25.539949
"409","AROW",2017-08-16,29.284533,29.559076,29.284533,29.376047,21199,25.579792
"410","AROW",2017-08-17,29.238775,29.513319,28.781204,28.918476,31033,25.181355
"411","AROW",2017-08-18,28.643934,29.284533,28.643934,29.19302,32673,25.420424
"412","AROW",2017-08-21,28.964233,29.33029,28.964233,29.147263,9507,25.380573
"413","AROW",2017-08-22,29.302835,29.604834,29.238775,29.376047,10818,25.579792
"414","AROW",2017-08-23,29.19302,29.357744,29.147263,29.284533,11364,25.500105
"415","AROW",2017-08-24,29.33029,29.559076,29.101505,29.238775,8742,25.46026
"416","AROW",2017-08-25,28.872719,29.696346,28.872719,29.467562,10927,25.659479
"417","AROW",2017-08-28,29.467562,29.559076,29.284533,29.376047,9835,25.579792
"418","AROW",2017-08-29,29.33029,29.559076,29.33029,29.513319,17484,25.699327
"419","AROW",2017-08-30,29.238775,29.513319,29.147263,29.238775,7758,25.659168
"420","AROW",2017-08-31,29.33029,29.787861,29.311987,29.559076,20106,25.94026
"421","AROW",2017-09-01,29.513319,29.824467,29.513319,29.696346,10818,26.060722
"422","AROW",2017-09-05,29.559076,29.650591,29.238775,29.238775,14205,25.659168
"423","AROW",2017-09-06,29.33029,29.540773,29.147263,29.147263,21308,25.578861
"424","AROW",2017-09-07,29.257078,29.257078,28.55242,28.918476,18249,25.378082
"425","AROW",2017-09-08,29.055748,29.623137,29.055748,29.101505,13003,25.53871
"426","AROW",2017-09-11,29.513319,29.59568,29.403502,29.467562,10272,25.859951
"427","AROW",2017-09-12,29.650591,29.879375,29.531622,29.787861,7758,26.141033
"428","AROW",2017-09-13,29.925133,30.382704,29.742104,30.199675,21199,26.502428
"429","AROW",2017-09-14,30.108162,30.291189,29.970888,30.126463,11801,26.438183
"430","AROW",2017-09-15,30.245432,30.336946,29.833618,30.062405,58133,26.381966
"431","AROW",2017-09-18,30.245432,30.840275,30.053251,30.474216,21308,26.743361
"432","AROW",2017-09-19,31.011406,31.105665,30.879442,31.058535,17187,27.25614
"433","AROW",2017-09-20,31.199924,31.294184,30.870016,31.105665,23128,27.297501
"434","AROW",2017-09-21,31.294184,31.294184,30.917147,30.964275,15383,27.173426
"435","AROW",2017-09-22,31.011406,31.341314,30.775757,31.011406,25037,27.214785
"436","AROW",2017-09-25,30.870016,31.341314,30.832312,31.105665,18354,27.297501
"437","AROW",2017-09-26,31.247053,31.765482,31.247053,31.388445,16762,27.545664
"438","AROW",2017-09-27,31.671223,32.990856,31.576963,32.708076,40208,28.703733
"439","AROW",2017-09-28,32.708076,32.802338,32.472427,32.708076,17505,28.703733
"440","AROW",2017-09-29,32.66095,32.858894,32.331039,32.37817,21748,28.414217
"441","AROW",2017-10-02,32.472427,33.085117,32.265057,33.085117,26629,29.03462
"442","AROW",2017-10-03,33.132244,33.273636,32.613819,32.896599,19521,28.869179
"443","AROW",2017-10-04,32.849468,32.943726,32.189651,32.613819,10609,28.621019
"444","AROW",2017-10-05,32.755207,32.802338,32.519558,32.66095,21218,28.66238
"445","AROW",2017-10-06,32.755207,32.755207,32.37817,32.613819,11988,28.621019
"446","AROW",2017-10-09,32.519558,32.708076,32.331039,32.472427,8912,28.496939
"447","AROW",2017-10-10,32.755207,33.037987,32.708076,33.037987,18566,28.993258
"448","AROW",2017-10-11,32.896599,33.367893,32.745781,33.085117,19096,29.03462
"449","AROW",2017-10-12,32.943726,33.085117,32.802338,32.802338,7426,28.786455
"450","AROW",2017-10-13,32.849468,33.132244,32.519558,32.755207,7851,28.745098
"451","AROW",2017-10-16,32.990856,33.320766,32.755207,33.037987,17293,28.993258
"452","AROW",2017-10-17,32.896599,33.179375,32.519558,32.66095,10397,28.66238
"453","AROW",2017-10-18,32.519558,33.037987,32.519558,32.708076,10821,28.703733
"454","AROW",2017-10-19,32.472427,33.037987,32.472427,32.66095,13155,28.66238
"455","AROW",2017-10-20,32.990856,33.085117,32.849468,32.990856,15065,28.9519
"456","AROW",2017-10-23,33.273636,33.273636,32.66095,32.708076,8063,28.703733
"457","AROW",2017-10-24,32.990856,33.462154,32.472427,32.755207,24082,28.745098
"458","AROW",2017-10-25,32.755207,33.697803,32.708076,33.603542,27053,29.489574
"459","AROW",2017-10-26,33.839191,34.093693,33.349045,33.933453,12943,29.7791
"460","AROW",2017-10-27,33.744934,34.876049,33.744934,34.734657,31509,30.482208
"461","AROW",2017-10-30,34.687531,34.687531,32.896599,33.037987,22173,28.993258
"462","AROW",2017-10-31,32.990856,33.886322,32.990856,33.273636,22703,29.200058
"463","AROW",2017-11-01,33.603542,33.603542,32.708076,33.037987,16232,28.993258
"464","AROW",2017-11-02,33.226505,34.074841,32.943726,33.886322,18460,29.737736
"465","AROW",2017-11-03,33.603542,33.650673,33.226505,33.320766,16338,29.241415
"466","AROW",2017-11-06,33.320766,33.415024,33.132244,33.179375,7426,29.117334
"467","AROW",2017-11-07,33.132244,33.132244,32.142521,32.189651,16550,28.248775
"468","AROW",2017-11-08,32.04826,32.331039,31.576963,32.189651,15914,28.248775
"469","AROW",2017-11-09,31.812613,32.189651,31.576963,31.906872,6896,28.000624
"470","AROW",2017-11-10,31.859741,32.425301,31.718351,32.09539,10291,28.166058
"471","AROW",2017-11-13,31.718351,32.425301,31.718351,32.283909,9548,28.331493
"472","AROW",2017-11-14,32.283909,32.802338,32.283909,32.802338,6153,28.786455
"473","AROW",2017-11-15,32.519558,33.037987,32.472427,32.708076,18141,28.703733
"474","AROW",2017-11-16,32.802338,33.509285,32.802338,33.132244,18884,29.075979
"475","AROW",2017-11-17,32.849468,33.273636,32.66095,33.037987,15807,28.993258
"476","AROW",2017-11-20,32.896599,33.792065,32.896599,33.650673,17717,29.530939
"477","AROW",2017-11-21,33.792065,33.933453,33.556416,33.933453,17823,29.7791
"478","AROW",2017-11-22,34.074841,34.074841,33.132244,33.367893,15807,29.282774
"479","AROW",2017-11-24,33.556416,33.603542,33.226505,33.415024,8169,29.324135
"480","AROW",2017-11-27,33.415024,34.027714,33.415024,33.933453,7532,29.7791
"481","AROW",2017-11-28,33.886322,35.111698,33.792065,34.828918,22173,30.56493
"482","AROW",2017-11-29,34.876049,36.384201,34.169102,36.054295,23552,31.640287
"483","AROW",2017-11-30,35.960033,36.007164,34.593269,34.687531,31827,30.641119
"484","AROW",2017-12-01,34.876049,34.876049,33.132244,34.35762,19202,30.349693
"485","AROW",2017-12-04,34.781788,35.253086,33.669525,34.593269,13580,30.557858
"486","AROW",2017-12-05,34.828918,34.828918,34.169102,34.263363,15914,30.266432
"487","AROW",2017-12-06,34.263363,34.6404,33.933453,34.027714,10291,30.058271
"488","AROW",2017-12-07,33.70723,34.423603,33.70723,33.886322,14640,29.933378
"489","AROW",2017-12-08,33.744934,33.886322,33.179375,33.273636,10185,29.392164
"490","AROW",2017-12-11,33.462154,33.594116,32.755207,32.896599,16126,29.059107
"491","AROW",2017-12-12,33.037987,33.273636,32.943726,33.179375,9972,29.308895
"492","AROW",2017-12-13,33.179375,34.216232,32.849468,33.367893,12306,29.475424
"493","AROW",2017-12-14,33.462154,33.75436,32.943726,32.943726,11988,29.100737
"494","AROW",2017-12-15,33.085117,34.35762,33.085117,33.886322,51454,29.933378
"495","AROW",2017-12-18,34.35762,34.857197,34.027714,34.35762,11988,30.349693
"496","AROW",2017-12-19,34.121971,34.263363,33.367893,33.462154,8381,29.558689
"497","AROW",2017-12-20,33.603542,33.697803,32.755207,32.896599,19945,29.059107
"498","AROW",2017-12-21,33.085117,33.631821,32.849468,33.462154,11670,29.558689
"499","AROW",2017-12-22,33.320766,33.462154,33.179375,33.179375,7745,29.308895
"500","AROW",2017-12-26,33.179375,33.509285,32.755207,32.755207,10927,28.934212
"501","AROW",2017-12-27,32.755207,32.896599,32.613819,32.66095,4774,28.85095
"502","AROW",2017-12-28,32.519558,32.708076,32.472427,32.566689,8487,28.767679
"503","AROW",2017-12-29,32.472427,32.472427,32.001129,32.001129,14004,28.268095
"504","AROW",2018-01-02,32.236778,32.283909,31.812613,32.04826,15489,28.309731
"505","AROW",2018-01-03,32.001129,32.236778,31.435574,31.859741,14110,28.143202
"506","AROW",2018-01-04,31.954,32.189651,31.718351,31.765482,17293,28.059938
"507","AROW",2018-01-05,31.812613,32.142521,31.576963,32.142521,15807,28.392998
"508","AROW",2018-01-08,32.04826,32.09539,31.576963,31.718351,8593,28.018305
"509","AROW",2018-01-09,31.671223,32.04826,31.576963,31.671223,12625,27.976675
"510","AROW",2018-01-10,31.576963,32.37817,31.576963,32.001129,16550,28.268095
"511","AROW",2018-01-11,32.04826,32.613819,31.624092,32.37817,11246,28.601154
"512","AROW",2018-01-12,32.444153,33.179375,32.283909,32.66095,14640,28.85095
"513","AROW",2018-01-16,33.085117,33.415024,32.142521,32.189651,15807,28.434626
"514","AROW",2018-01-17,32.425301,33.085117,32.057686,32.849468,11988,29.017471
"515","AROW",2018-01-18,33.528137,33.528137,32.283909,32.283909,7214,28.517887
"516","AROW",2018-01-19,32.142521,32.774059,31.680649,32.519558,16762,28.726046
"517","AROW",2018-01-22,32.66095,32.802338,31.954,32.283909,8593,28.517887
"518","AROW",2018-01-23,32.283909,32.66095,31.954,32.425301,11352,28.642788
"519","AROW",2018-01-24,32.613819,32.849468,32.189651,32.189651,7002,28.434626
"520","AROW",2018-01-25,32.425301,32.425301,31.859741,32.04826,6365,28.309731
"521","AROW",2018-01-26,32.09539,32.09539,31.624092,32.001129,12306,28.268095
"522","AROW",2018-01-29,31.840891,31.954,31.671223,31.671223,7957,27.976675
"523","AROW",2018-01-30,31.624092,31.859741,31.247053,31.624092,12943,27.935043
"524","AROW",2018-01-31,31.624092,31.624092,30.643793,30.917147,27159,27.310564
"525","AROW",2018-02-01,30.870016,31.859741,30.681498,31.482702,19308,27.810148
"526","AROW",2018-02-02,31.294184,31.576963,31.152796,31.294184,13792,27.643621
"527","AROW",2018-02-05,30.917147,31.737204,30.398718,30.398718,30023,26.852612
"528","AROW",2018-02-06,29.92742,30.870016,29.04138,30.540108,41269,26.977507
"529","AROW",2018-02-07,30.398718,31.529833,30.163069,31.105665,18035,27.477091
"530","AROW",2018-02-08,31.011406,31.058535,29.92742,29.92742,23658,26.436291
"531","AROW",2018-02-09,30.304459,31.199924,30.115938,30.775757,28538,27.185673
"532","AROW",2018-02-12,31.058535,31.058535,30.25733,30.634367,16550,27.060774
"533","AROW",2018-02-13,30.25733,30.634367,30.25733,30.304459,11776,26.769352
"534","AROW",2018-02-14,31.247053,31.435574,30.775757,31.388445,21006,27.726885
"535","AROW",2018-02-15,31.341314,31.341314,30.728626,31.105665,10609,27.477091
"536","AROW",2018-02-16,31.011406,31.671223,31.011406,31.294184,15277,27.643621
"537","AROW",2018-02-20,31.105665,31.199924,30.445848,30.540108,15701,26.977507
"538","AROW",2018-02-21,30.540108,31.247053,30.492977,30.822886,14640,27.227301
"539","AROW",2018-02-22,30.870016,31.096239,30.870016,30.964275,13580,27.3522
"540","AROW",2018-02-23,30.964275,31.247053,30.964275,31.247053,8805,27.601988
"541","AROW",2018-02-26,31.105665,31.482702,31.011406,31.341314,16868,27.685251
"542","AROW",2018-02-27,31.482702,31.859741,31.341314,31.388445,17187,27.726885
"543","AROW",2018-02-28,31.294184,31.322462,30.25733,30.398718,30448,27.055731
"544","AROW",2018-03-01,30.304459,30.822886,30.304459,30.587236,15065,27.223518
"545","AROW",2018-03-02,30.210199,31.058535,29.983976,30.917147,16656,27.517153
"546","AROW",2018-03-05,30.870016,31.624092,30.219625,31.435574,13261,27.978563
"547","AROW",2018-03-06,31.576963,31.708925,30.540108,31.435574,14216,27.978563
"548","AROW",2018-03-07,30.917147,32.142521,30.917147,31.954,11670,28.43998
"549","AROW",2018-03-08,31.954,32.142521,31.624092,32.04826,13473,28.523874
"550","AROW",2018-03-09,32.189651,32.613819,31.671223,32.519558,16338,28.943338
"551","AROW",2018-03-12,32.283909,32.802338,32.142521,32.708076,14216,29.111128
"552","AROW",2018-03-13,32.896599,32.896599,32.359318,32.66095,19202,29.069187
"553","AROW",2018-03-14,32.425301,32.755207,32.236778,32.283909,14322,28.733606
"554","AROW",2018-03-15,32.519558,32.708076,31.906872,32.37817,13792,28.817501
"555","AROW",2018-03-16,32.331039,32.849468,32.236778,32.425301,77870,28.859449
"556","AROW",2018-03-19,32.37817,32.896599,32.189651,32.755207,19521,29.153078
"557","AROW",2018-03-20,32.66095,32.943726,32.331039,32.519558,18884,28.943338
"558","AROW",2018-03-21,32.566689,32.896599,32.37817,32.802338,17611,29.195023
"559","AROW",2018-03-22,32.472427,32.802338,31.954,32.04826,29599,28.523874
"560","AROW",2018-03-23,32.04826,32.25563,31.152796,31.199924,32357,27.768831
"561","AROW",2018-03-26,31.671223,32.04826,31.247053,32.001129,19414,28.481922
"562","AROW",2018-03-27,32.04826,32.37817,31.435574,31.671223,17080,28.188299
"563","AROW",2018-03-28,31.765482,32.472427,31.765482,32.236778,10715,28.691664
"564","AROW",2018-03-29,32.37817,32.472427,31.727777,32.001129,54424,28.481922
"565","AROW",2018-04-02,31.859741,31.859741,31.105665,31.482702,24931,28.020512
"566","AROW",2018-04-03,31.529833,31.954,30.964275,31.247053,30554,27.810774
"567","AROW",2018-04-04,31.058535,32.425301,31.058535,32.09539,16020,28.565821
"568","AROW",2018-04-05,31.435574,32.425301,31.435574,32.283909,10609,28.733606
"569","AROW",2018-04-06,32.142521,32.283909,31.294184,31.576963,16232,28.10441
"570","AROW",2018-04-09,31.624092,32.142521,31.388445,31.482702,14004,28.020512
"571","AROW",2018-04-10,31.859741,32.472427,31.576963,32.283909,24189,28.733606
"572","AROW",2018-04-11,32.09539,32.236778,31.906872,32.189651,13686,28.649717
"573","AROW",2018-04-12,32.331039,32.519558,32.09539,32.189651,9442,28.649717
"574","AROW",2018-04-13,32.283909,32.283909,32.142521,32.189651,10927,28.649717
"575","AROW",2018-04-16,32.236778,32.849468,32.189651,32.613819,14004,29.027237
"576","AROW",2018-04-17,32.755207,32.990856,32.283909,32.943726,17293,29.320866
"577","AROW",2018-04-18,32.990856,33.132244,32.566689,32.708076,14004,29.111128
"578","AROW",2018-04-19,32.755207,33.132244,32.755207,32.990856,7320,29.362812
"579","AROW",2018-04-20,32.331039,33.179375,32.331039,32.755207,20581,29.153078
"580","AROW",2018-04-23,33.037987,33.603542,32.708076,33.320766,20157,29.656435
"581","AROW",2018-04-24,33.415024,34.31049,33.415024,34.121971,26629,30.369534
"582","AROW",2018-04-25,34.074841,34.404751,33.933453,34.169102,16974,30.411482
"583","AROW",2018-04-26,34.216232,34.451881,33.792065,33.839191,19839,30.117857
"584","AROW",2018-04-27,33.980583,34.216232,33.509285,33.744934,8912,30.03396
"585","AROW",2018-04-30,33.839191,33.933453,33.273636,33.367893,14534,29.698385
"586","AROW",2018-05-01,33.226505,33.744934,32.943726,33.744934,8487,30.03396
"587","AROW",2018-05-02,33.226505,34.263363,33.226505,33.933453,10503,30.201756
"588","AROW",2018-05-03,33.744934,33.933453,33.556416,33.744934,6684,30.03396
"589","AROW",2018-05-04,33.603542,34.216232,33.603542,34.027714,7426,30.285643
"590","AROW",2018-05-07,34.074841,34.404751,33.942879,34.31049,9972,30.537325
"591","AROW",2018-05-08,34.263363,34.92318,34.263363,34.80064,16020,30.973576
"592","AROW",2018-05-09,34.451881,34.970306,34.451881,34.828918,12306,30.998732
"593","AROW",2018-05-10,34.92318,35.300217,34.564991,35.205956,12731,31.334318
"594","AROW",2018-05-11,35.158829,35.300217,34.499008,34.593269,14004,30.789003
"595","AROW",2018-05-14,34.734657,35.017437,33.839191,34.35762,12519,30.579268
"596","AROW",2018-05-15,34.074841,34.781788,34.074841,34.404751,11246,30.62122
"597","AROW",2018-05-16,34.546139,35.441605,34.404751,35.111698,14004,31.250422
"598","AROW",2018-05-17,35.017437,35.535866,35.017437,35.535866,10185,31.627943
"599","AROW",2018-05-18,35.724384,35.724384,35.158829,35.488735,19945,31.585991
"600","AROW",2018-05-21,35.441605,35.677254,35.158829,35.441605,13792,31.544044
"601","AROW",2018-05-22,35.394478,35.818645,35.300217,35.630123,12413,31.711828
"602","AROW",2018-05-23,35.630123,35.724384,35.300217,35.488735,11564,31.585991
"603","AROW",2018-05-24,35.375626,35.818645,35.300217,35.771515,18141,31.837679
"604","AROW",2018-05-25,35.451031,35.724384,35.394478,35.535866,8063,31.627943
"605","AROW",2018-05-29,35.300217,35.535866,34.734657,35.064568,30660,31.208479
"606","AROW",2018-05-30,35.535866,36.148552,35.441605,35.771515,24613,31.837679
"607","AROW",2018-05-31,35.441605,35.535866,35.111698,35.253086,12413,31.58433
"608","AROW",2018-06-01,35.394478,35.818645,35.394478,35.724384,19627,32.00658
"609","AROW",2018-06-04,35.865772,35.912903,35.347347,35.535866,18035,31.837683
"610","AROW",2018-06-05,35.158829,35.818645,35.064568,35.582996,16974,31.879908
"611","AROW",2018-06-06,35.630123,35.818645,35.488735,35.724384,29705,32.00658
"612","AROW",2018-06-07,35.818645,35.818645,35.441605,35.677254,11564,31.964352
"613","AROW",2018-06-08,35.630123,35.818645,35.253086,35.347347,10821,31.668781
"614","AROW",2018-06-11,35.253086,35.253086,34.546139,34.734657,16444,31.119852
"615","AROW",2018-06-12,34.828918,34.828918,33.509285,33.603542,22491,30.106453
"616","AROW",2018-06-13,33.744934,34.121971,33.367893,33.792065,18990,30.275354
"617","AROW",2018-06-14,33.933453,34.121971,33.697803,34.074841,19202,30.528696
"618","AROW",2018-06-15,33.792065,34.451881,33.744934,34.216232,55697,30.65538
"619","AROW",2018-06-18,34.263363,34.593269,33.839191,34.31049,26947,30.739828
"620","AROW",2018-06-19,34.169102,35.535866,34.169102,35.111698,38829,31.457649
"621","AROW",2018-06-20,35.158829,35.300217,34.781788,35.064568,23234,31.415422
"622","AROW",2018-06-21,35.017437,35.564144,34.734657,35.300217,19627,31.626554
"623","AROW",2018-06-22,35.017437,35.507587,34.876049,35.111698,66412,31.457649
"624","AROW",2018-06-25,35.158829,35.394478,34.687531,35.111698,23128,31.457649
"625","AROW",2018-06-26,35.017437,35.300217,34.828918,35.111698,14959,31.457649
"626","AROW",2018-06-27,35.111698,35.111698,34.593269,34.593269,12094,30.993176
"627","AROW",2018-06-28,34.546139,35.111698,34.546139,34.781788,10503,31.162075
"628","AROW",2018-06-29,34.687531,34.979733,34.31049,34.31049,21855,30.739828
"629","AROW",2018-07-02,34.169102,35.253086,34.169102,35.253086,11988,31.58433
"630","AROW",2018-07-03,35.300217,35.630123,35.253086,35.394478,10715,31.711002
"631","AROW",2018-07-05,35.441605,35.611275,35.205956,35.488735,17717,31.795454
"632","AROW",2018-07-06,35.488735,35.724384,35.488735,35.630123,13686,31.922123
"633","AROW",2018-07-09,35.630123,36.33707,35.630123,36.242813,13898,32.471054
"634","AROW",2018-07-10,36.242813,36.33707,35.394478,35.535866,12413,31.837683
"635","AROW",2018-07-11,35.790367,35.865772,35.535866,35.677254,6684,31.964352
"636","AROW",2018-07-12,35.630123,35.630123,35.234234,35.488735,8912,31.795454
"637","AROW",2018-07-13,35.630123,35.677254,35.300217,35.488735,15171,31.795454
"638","AROW",2018-07-16,35.347347,35.630123,35.347347,35.630123,8063,31.922123
"639","AROW",2018-07-17,35.724384,35.818645,35.205956,35.300217,13898,31.626554
"640","AROW",2018-07-18,35.507587,35.535866,34.970306,35.205956,8169,31.542099
"641","AROW",2018-07-19,35.158829,35.950607,35.158829,35.771515,13898,32.048801
"642","AROW",2018-07-20,35.677254,36.195683,35.677254,35.865772,13686,32.133251
"643","AROW",2018-07-23,36.195683,36.195683,35.743237,36.007164,11139,32.259922
"644","AROW",2018-07-24,36.384201,36.666981,36.195683,36.384201,16126,32.597725
"645","AROW",2018-07-25,36.666981,36.666981,36.384201,36.57272,10927,32.766632
"646","AROW",2018-07-26,36.761238,37.515316,36.761238,37.138279,8699,33.273323
"647","AROW",2018-07-27,37.232536,37.458759,36.57272,36.808369,12094,32.977753
"648","AROW",2018-07-30,36.996887,37.091148,36.57272,36.61985,9548,32.808853
"649","AROW",2018-07-31,36.94976,36.94976,36.33707,36.478462,13686,32.682175
"650","AROW",2018-08-01,36.57272,37.091148,36.57272,36.855499,11458,33.019978
"651","AROW",2018-08-02,36.90263,37.515316,36.90263,37.515316,20157,33.61113
"652","AROW",2018-08-03,37.656708,37.703835,36.761238,36.90263,12200,33.062206
"653","AROW",2018-08-06,36.94976,37.091148,36.61985,36.90263,7320,33.062206
"654","AROW",2018-08-07,37.232536,37.232536,36.714111,36.94976,6153,33.104431
"655","AROW",2018-08-08,36.855499,37.044018,36.855499,37.044018,3501,33.188873
"656","AROW",2018-08-09,37.232536,37.421059,37.138279,37.326797,5729,33.44223
"657","AROW",2018-08-10,37.091148,37.703835,36.90263,37.562447,10715,33.653355
"658","AROW",2018-08-13,37.562447,37.703835,37.18541,37.18541,10927,33.315556
"659","AROW",2018-08-14,37.703835,37.703835,37.091148,37.703835,17293,33.780025
"660","AROW",2018-08-15,37.562447,37.750965,37.279667,37.279667,9018,33.400002
"661","AROW",2018-08-16,37.421059,37.656708,37.421059,37.609577,11139,33.69558
"662","AROW",2018-08-17,37.609577,37.703835,37.421059,37.609577,15171,33.69558
"663","AROW",2018-08-20,37.703835,37.798096,37.562447,37.703835,6790,33.780025
"664","AROW",2018-08-21,37.750965,37.845226,37.421059,37.562447,20794,33.653355
"665","AROW",2018-08-22,37.609577,37.703835,37.044018,37.091148,16444,33.231094
"666","AROW",2018-08-23,37.091148,37.18541,36.761238,37.18541,13580,33.315556
"667","AROW",2018-08-24,37.18541,37.468185,36.996887,37.279667,11882,33.400002
"668","AROW",2018-08-27,37.326797,37.468185,37.044018,37.044018,10503,33.188873
"669","AROW",2018-08-28,37.091148,37.091148,36.846073,36.855499,12306,33.019978
"670","AROW",2018-08-29,36.855499,36.930908,36.666981,36.855499,10503,33.019978
"671","AROW",2018-08-30,36.57272,36.94976,36.101421,36.525593,13155,32.943462
"672","AROW",2018-08-31,36.666981,37.232536,36.431332,37.091148,12519,33.453552
"673","AROW",2018-09-04,37.18541,37.279667,36.855499,36.94976,7745,33.326035
"674","AROW",2018-09-05,36.761238,36.855499,36.478462,36.714111,6259,33.113499
"675","AROW",2018-09-06,36.525593,37.18541,36.525593,36.666981,10185,33.070988
"676","AROW",2018-09-07,36.808369,37.18541,36.478462,37.18541,10079,33.538574
"677","AROW",2018-09-10,37.138279,37.138279,36.384201,36.61985,12200,33.028477
"678","AROW",2018-09-11,36.61985,36.808369,36.271091,36.384201,11246,32.815945
"679","AROW",2018-09-12,36.478462,36.478462,35.941181,36.101421,13580,32.560894
"680","AROW",2018-09-13,36.33707,36.33707,35.988312,36.242813,8487,32.688416
"681","AROW",2018-09-14,36.33707,36.761238,36.1297,36.57272,8487,32.985973
"682","AROW",2018-09-17,36.666981,36.666981,35.912903,36.478462,13898,32.900955
"683","AROW",2018-09-18,36.844662,36.844662,35.825245,36.407768,11124,32.837193
"684","AROW",2018-09-19,36.407768,36.893204,35.922329,36.019417,11021,32.486935
"685","AROW",2018-09-20,36.165051,36.893204,36.067963,36.796116,15244,33.187462
"686","AROW",2018-09-21,36.504852,37.281551,36.504852,37.184467,57989,33.537724
"687","AROW",2018-09-24,37.087379,37.087379,36.213593,36.407768,13390,32.837193
"688","AROW",2018-09-25,36.650486,36.796116,36.553398,36.553398,10197,32.968544
"689","AROW",2018-09-26,36.582523,36.747574,35.873787,36.067963,10609,32.530716
"690","AROW",2018-09-27,35.951454,36.019417,35.436893,35.533981,9476,32.049107
"691","AROW",2018-09-28,35.388351,36.067963,35.388351,35.922329,11536,32.399368
"692","AROW",2018-10-01,35.990292,35.990292,35.388351,35.436893,15038,31.961531
"693","AROW",2018-10-02,35.029125,35.39806,34.495148,34.825245,10712,31.409874
"694","AROW",2018-10-03,35.009708,35.766991,34.582523,35.708736,17201,32.206726
"695","AROW",2018-10-04,35.951454,36.368931,35.922329,36.019417,14214,32.486935
"696","AROW",2018-10-05,36.019417,36.019417,35.54369,35.699028,7416,32.197968
"697","AROW",2018-10-08,35.796116,36.300972,35.796116,36.048546,9167,32.51321
"698","AROW",2018-10-09,36.077671,36.45631,36.077671,36.155338,11536,32.60952
"699","AROW",2018-10-10,36.135921,36.184467,35.271847,35.417477,10918,31.944025
"700","AROW",2018-10-11,35.281551,36.349514,35.165051,35.165051,11330,31.716349
"701","AROW",2018-10-12,35.912621,35.951454,33.281551,33.718449,28634,30.411623
"702","AROW",2018-10-15,33.572815,34.14563,33.485435,33.85437,12875,30.534216
"703","AROW",2018-10-16,33.786407,34.466019,33.776699,34.436893,11948,31.059612
"704","AROW",2018-10-17,34.407768,35.038834,34.407768,34.85437,10712,31.436142
"705","AROW",2018-10-18,34.825245,35.339806,34.087379,34.747574,8858,31.339819
"706","AROW",2018-10-19,34.54369,34.737865,33.708736,33.718449,14523,30.411623
"707","AROW",2018-10-22,33.980583,35.116505,33.980583,35.116505,9579,31.672571
"708","AROW",2018-10-23,33.932037,34.708736,33.737865,33.737865,5562,30.429136
"709","AROW",2018-10-24,33.737865,34.747574,32.60194,32.621361,15450,29.422132
"710","AROW",2018-10-25,32.873787,34.291264,32.873787,33.495148,22969,30.21022
"711","AROW",2018-10-26,33.106796,33.495148,32.990292,33.45631,14832,30.17519
"712","AROW",2018-10-29,33.592232,34.786407,33.475727,33.85437,9167,30.534216
"713","AROW",2018-10-30,33.747574,34.45631,33.39806,34.291264,10403,30.928265
"714","AROW",2018-10-31,34.504852,34.504852,33.766991,34.116505,12669,30.770643
"715","AROW",2018-11-01,34,34.271847,33.291264,33.68932,9064,30.385347
"716","AROW",2018-11-02,33.786407,34.728153,33.776699,33.990292,11433,30.656801
"717","AROW",2018-11-05,33.873787,34.427185,33.796116,33.883495,8343,30.560486
"718","AROW",2018-11-06,33.718449,33.951454,33.330097,33.68932,8137,30.385347
"719","AROW",2018-11-07,33.611649,33.961166,33.495148,33.932037,9682,30.604271
"720","AROW",2018-11-08,33.699028,34.291264,33.699028,33.766991,8858,30.455404
"721","AROW",2018-11-09,33.699028,34.203884,33.679611,33.864079,7313,30.542974
"722","AROW",2018-11-12,33.873787,34.05825,33.54369,33.640778,8961,30.341568
"723","AROW",2018-11-13,33.699028,35.05825,33.563107,34.019417,11742,30.683081
"724","AROW",2018-11-14,34.174755,34.466019,33.038834,33.281551,17201,30.017572
"725","AROW",2018-11-15,33.029125,34.14563,33.029125,33.436893,7828,30.157681
"726","AROW",2018-11-16,33.300972,33.980583,33.05825,33.708736,12669,30.402864
"727","AROW",2018-11-19,33.679611,34.194176,32.922329,33.31068,10094,30.04384
"728","AROW",2018-11-20,33.05825,33.417477,32.524273,32.582523,12257,29.387098
"729","AROW",2018-11-21,32.39806,33.980583,32.39806,33.466019,10815,30.18395
"730","AROW",2018-11-23,33.737865,34.087379,33.135921,33.747574,5665,30.437889
"731","AROW",2018-11-26,33.912621,34.194176,33.504852,33.611649,11742,30.315296
"732","AROW",2018-11-27,33.097088,33.844662,33.097088,33.165051,9579,29.9125
"733","AROW",2018-11-28,33.165051,34.320389,33.165051,34.233009,15656,30.875723
"734","AROW",2018-11-29,33.893204,34.951454,33.300972,34.106796,13081,30.990402
"735","AROW",2018-11-30,34.281551,34.466019,33.291264,33.757282,26574,30.672825
"736","AROW",2018-12-03,34.174755,34.553398,34.048546,34.330097,11742,31.193298
"737","AROW",2018-12-04,34.349514,34.45631,32.660194,32.757282,23690,29.764196
"738","AROW",2018-12-06,32.281551,32.747574,32.097088,32.514565,12463,29.543655
"739","AROW",2018-12-07,33.902912,33.902912,31.951456,32.94175,16995,29.931807
"740","AROW",2018-12-10,32.766991,32.970875,32.087379,32.359222,14008,29.40251
"741","AROW",2018-12-11,32.504852,32.85437,31.213593,31.582523,43466,28.696779
"742","AROW",2018-12-12,31.815535,33.349514,31.679611,32.912621,14214,29.905342
"743","AROW",2018-12-13,30.815535,33.54369,30.815535,31.592234,34505,28.705599
"744","AROW",2018-12-14,31.68932,31.941748,31.019417,31.048544,19776,28.211588
"745","AROW",2018-12-17,30.825243,31.737864,30.825243,31.058252,31003,28.220406
"746","AROW",2018-12-18,31.194176,31.475727,30.621359,30.893204,17201,28.070442
"747","AROW",2018-12-19,30.864079,31.932039,29.631067,30.174757,21218,27.417643
"748","AROW",2018-12-20,30.679611,31.514563,29.563107,31.281553,26883,28.423306
"749","AROW",2018-12-21,31.223301,31.766991,30.30097,30.922331,72615,28.096905
"750","AROW",2018-12-24,31.087379,31.495146,30.339806,30.339806,11124,27.567608
"751","AROW",2018-12-26,30.640778,31.873787,30.252426,31.398058,18334,28.529169
"752","AROW",2018-12-27,30.805824,31.291262,30.106796,31.048544,20085,28.211588
"753","AROW",2018-12-28,30.592234,31.815535,30.349516,31.252426,24926,28.396843
"754","AROW",2018-12-31,31.262136,31.563107,30.902912,31.087379,21527,28.24687
"755","AROW",2019-01-02,30.660194,31.941748,30.601942,31.776699,11124,28.873207
"756","AROW",2019-01-03,31.631067,32.271847,30.922331,31.757282,13493,28.855568
"757","AROW",2019-01-04,31.980583,32.815533,31.145632,32.747574,19467,29.755379
"758","AROW",2019-01-07,32.747574,33.417477,32.349514,32.883495,12566,29.878878
"759","AROW",2019-01-08,33.174755,33.94175,31.213593,32.699028,37183,29.711266
"760","AROW",2019-01-09,32.766991,33.912621,32,32.718449,17922,29.728912
"761","AROW",2019-01-10,32.446602,32.757282,31.368933,31.84466,26471,28.934958
"762","AROW",2019-01-11,31.495146,32.048546,31.417477,31.796118,14008,28.890856
"763","AROW",2019-01-14,31.466019,31.961164,31.262136,31.786407,8446,28.882032
"764","AROW",2019-01-15,31.747574,31.951456,31.223301,31.883495,12257,28.970247
"765","AROW",2019-01-16,32.038834,32.495148,31.718447,32.281551,15759,29.331928
"766","AROW",2019-01-17,31.864079,32.300972,31.805824,31.893204,14523,28.979071
"767","AROW",2019-01-18,31.902912,32.262135,31.427183,31.524273,19158,28.64385
"768","AROW",2019-01-22,31.54369,31.883495,30.223301,30.349516,43260,27.576431
"769","AROW",2019-01-23,30.252426,31.514563,30.252426,31.067961,19467,28.229231
"770","AROW",2019-01-24,31.213593,31.504854,30.825243,31.320389,12978,28.458591
"771","AROW",2019-01-25,31.223301,31.776699,31.223301,31.747574,12257,28.846748
"772","AROW",2019-01-28,31.427183,31.601942,30.961164,30.961164,12463,28.132193
"773","AROW",2019-01-29,30.582523,31.339806,30.407766,30.485437,31312,27.699936
"774","AROW",2019-01-30,30.106796,31,29.572817,30.786407,32548,27.973402
"775","AROW",2019-01-31,30.922331,30.961164,30.436893,30.922331,34917,28.096905
"776","AROW",2019-02-01,31.165049,32.038834,31.165049,31.631067,18746,28.740887
"777","AROW",2019-02-04,31.815535,32.932037,31.815535,32.621361,18540,29.640696
"778","AROW",2019-02-05,33.009708,33.300972,32.660194,33.242718,21939,30.205275
"779","AROW",2019-02-06,33.252426,33.271847,32.524273,33.009708,11330,29.993555
"780","AROW",2019-02-07,33.126213,33.300972,32.844662,33.184467,27810,30.152349
"781","AROW",2019-02-08,33.106796,33.679611,33.106796,33.378639,17201,30.328779
"782","AROW",2019-02-11,33.427185,33.708736,33.106796,33.572815,19261,30.505213
"783","AROW",2019-02-12,33.737865,33.970875,33.475727,33.805824,26574,30.716934
"784","AROW",2019-02-13,33.922329,33.922329,32.718449,33.873787,7416,30.778683
"785","AROW",2019-02-14,33.669903,33.834949,33.281551,33.621361,16686,30.549322
"786","AROW",2019-02-15,33.737865,34.631069,33.737865,34.252426,28840,31.122728
"787","AROW",2019-02-19,34.019417,34.902912,33.757282,34.85437,11639,31.669666
"788","AROW",2019-02-20,34.815533,34.902912,34.621361,34.640778,16068,31.475595
"789","AROW",2019-02-21,34.844662,34.85437,34.54369,34.679611,15656,31.51088
"790","AROW",2019-02-22,34.679611,35.067963,34.679611,34.796116,12154,31.616737
"791","AROW",2019-02-25,35.106796,35.194176,34.135921,34.436893,23072,31.29034
"792","AROW",2019-02-26,34.475727,34.825245,33.922329,34.233009,19467,31.105087
"793","AROW",2019-02-27,33.737865,34.834949,33.737865,34.135921,7313,31.016874
"794","AROW",2019-02-28,34.116505,34.407768,33.980583,34.388351,18643,31.479012
"795","AROW",2019-03-01,34.39806,34.708736,32.737865,34.68932,21424,31.754513
"796","AROW",2019-03-04,34.553398,34.553398,34.029125,34.087379,8858,31.203506
"797","AROW",2019-03-05,33.864079,34.368931,33.524273,33.932037,10403,31.06131
"798","AROW",2019-03-06,33.85437,33.85437,32.805824,32.815533,16892,30.039253
"799","AROW",2019-03-07,33,33,32.252426,32.252426,13596,29.52379
"800","AROW",2019-03-08,32.165051,32.640778,32.155338,32.291264,11124,29.559341
"801","AROW",2019-03-11,32.485435,33.291264,32.320389,33.291264,9682,30.474733
"802","AROW",2019-03-12,33.330097,33.631069,33.126213,33.330097,18952,30.510283
"803","AROW",2019-03-13,33.572815,33.679611,33.203884,33.446602,9785,30.616936
"804","AROW",2019-03-14,33.786407,33.786407,33.213593,33.592232,13390,30.750248
"805","AROW",2019-03-15,33.766991,33.805824,33.31068,33.563107,44187,30.723579
"806","AROW",2019-03-18,33.757282,33.980583,33.388351,33.485435,12154,30.652485
"807","AROW",2019-03-19,33.592232,33.592232,32.533981,32.582523,9373,29.82596
"808","AROW",2019-03-20,32.087379,32.669903,31.757282,32.05825,16686,29.346043
"809","AROW",2019-03-21,32.14563,32.60194,31.873787,31.893204,17510,29.194962
"810","AROW",2019-03-22,31.621359,32.368931,30.660194,30.679611,21630,28.084044
"811","AROW",2019-03-25,30.757282,31.533981,30.679611,31.495146,16583,28.830578
"812","AROW",2019-03-26,31.679611,31.902912,31.320389,31.902912,8343,29.203846
"813","AROW",2019-03-27,31.718447,32.417477,31.087379,32.300972,16274,29.568228
"814","AROW",2019-03-28,32.368931,32.563107,32.281551,32.466019,7210,29.719315
"815","AROW",2019-03-29,32.252426,32.427185,31.61165,31.932039,26265,29.230509
"816","AROW",2019-04-01,31.932039,32.728153,31.932039,32.621361,10712,29.861515
"817","AROW",2019-04-02,32.621361,32.699028,31.941748,32.388351,11845,29.648216
"818","AROW",2019-04-03,32.805824,32.805824,32.14563,32.203884,7725,29.479357
"819","AROW",2019-04-04,32.233009,32.60194,32.233009,32.466019,5974,29.719315
"820","AROW",2019-04-05,32.504852,32.951454,32.378639,32.679611,15759,29.914839
"821","AROW",2019-04-08,32.94175,33.048546,32.300972,32.796116,9270,30.021484
"822","AROW",2019-04-09,32.786407,32.815533,32.223301,32.281551,14214,29.550447
"823","AROW",2019-04-10,32.572815,33.213593,32.39806,33.14563,11536,30.341429
"824","AROW",2019-04-11,33,33.45631,32.019417,32.902912,11124,30.119242
"825","AROW",2019-04-12,33.563107,33.563107,32.883495,33.135921,6695,30.332537
"826","AROW",2019-04-15,33.330097,33.330097,32.776699,32.932037,9064,30.145903
"827","AROW",2019-04-16,32.864079,33.14563,32.757282,33.019417,13493,30.225895
"828","AROW",2019-04-17,33.242718,33.572815,33.097088,33.368931,10197,30.545837
"829","AROW",2019-04-18,33.203884,33.39806,32.932037,33.213593,8446,30.403641
"830","AROW",2019-04-22,33.427185,33.427185,32.087379,32.242718,10094,29.514906
"831","AROW",2019-04-23,32.203884,32.786407,32.174755,32.786407,9270,30.012596
"832","AROW",2019-04-24,32.466019,32.708736,32.038834,32.038834,28016,29.328264
"833","AROW",2019-04-25,32.038834,32.378639,31.932039,32.320389,14832,29.586004
"834","AROW",2019-04-26,32.271847,32.815533,32.271847,32.815533,7519,30.039253
"835","AROW",2019-04-29,32.912621,33.592232,32.563107,33.572815,14420,30.732473
"836","AROW",2019-04-30,33.563107,33.563107,32.572815,32.669903,21424,29.905949
"837","AROW",2019-05-01,32.553398,32.951454,32.233009,32.475727,19467,29.728201
"838","AROW",2019-05-02,32.349514,33.05825,32.349514,32.883495,9991,30.101471
"839","AROW",2019-05-03,33.165051,33.572815,33.165051,33.572815,16377,30.732473
"840","AROW",2019-05-06,33.31068,33.766991,33.009708,33.087379,19982,30.288103
"841","AROW",2019-05-07,33.417477,33.417477,32.640778,32.883495,8652,30.101471
"842","AROW",2019-05-08,33.009708,33.106796,32.45631,32.504852,11330,29.75486
"843","AROW",2019-05-09,32.378639,33.05825,32.330097,32.883495,10403,30.101471
"844","AROW",2019-05-10,33.14563,33.14563,32.718449,32.825245,11433,30.048149
"845","AROW",2019-05-13,32.524273,32.893204,31.951456,32.087379,15141,29.372709
"846","AROW",2019-05-14,32.048546,32.669903,32.048546,32.553398,10918,29.799303
"847","AROW",2019-05-15,32.262135,32.427185,31.902912,32.427185,12978,29.683767
"848","AROW",2019-05-16,32.485435,32.893204,32.446602,32.60194,7210,29.843735
"849","AROW",2019-05-17,32.427185,32.864079,32.300972,32.572815,10403,29.817076
"850","AROW",2019-05-20,32.349514,32.757282,32.281551,32.68932,14317,29.923725
"851","AROW",2019-05-21,32.524273,32.893204,32.524273,32.718449,9888,29.950388
"852","AROW",2019-05-22,32.436893,32.864079,32.436893,32.699028,7725,29.93261
"853","AROW",2019-05-23,32.339806,32.475727,31.922331,32.155338,18952,29.434916
"854","AROW",2019-05-24,32.563107,32.747574,32.427185,32.747574,10094,29.977051
"855","AROW",2019-05-28,32.737865,32.825245,32.126213,32.330097,16583,29.594894
"856","AROW",2019-05-29,32.135921,32.728153,31.873787,32.174755,13287,29.452692
"857","AROW",2019-05-30,32,32.213593,31.339806,31.54369,13390,28.875015
"858","AROW",2019-05-31,31.252426,31.54369,31.048544,31.233009,28119,28.590618
"859","AROW",2019-06-03,31.077669,31.495146,30.961164,31.485437,20806,29.056528
"860","AROW",2019-06-04,31.572817,32.436893,31.553398,31.854368,17201,29.396997
"861","AROW",2019-06-05,31.834951,32.213593,31.54369,32.135921,9476,29.65683
"862","AROW",2019-06-06,31.893204,32.05825,31.650484,31.941748,15141,29.477634
"863","AROW",2019-06-07,31.825243,32.087379,31.45631,32.048546,7313,29.576197
"864","AROW",2019-06-10,32.019417,32.233009,31.69903,31.893204,16171,29.432838
"865","AROW",2019-06-11,31.990292,32.233009,31.563107,32.097088,16789,29.620993
"866","AROW",2019-06-12,31.961164,32.330097,31.961164,32.14563,9991,29.665789
"867","AROW",2019-06-13,32.388351,32.873787,32.14563,32.650486,20703,30.131697
"868","AROW",2019-06-14,32.708736,32.864079,32.427185,32.436893,15553,29.934586
"869","AROW",2019-06-17,32.582523,32.757282,32.233009,32.39806,13905,29.898746
"870","AROW",2019-06-18,32.553398,32.796116,32.330097,32.485435,20394,29.979382
"871","AROW",2019-06-19,32.54369,32.796116,32.504852,32.766991,9064,30.239216
"872","AROW",2019-06-20,32.912621,33.184467,32.116505,32.155338,12772,29.674749
"873","AROW",2019-06-21,31.932039,32.757282,31.766991,32.446602,43260,29.943544
"874","AROW",2019-06-24,32.262135,32.533981,31.805824,32.009708,13390,29.540352
"875","AROW",2019-06-25,32.54369,32.54369,31.786407,32.233009,12154,29.746428
"876","AROW",2019-06-26,31.553398,32.466019,31.553398,31.941748,11330,29.477634
"877","AROW",2019-06-27,32.427185,32.893204,31.679611,32.893204,24205,30.355692
"878","AROW",2019-06-28,32.786407,33.932037,32.786407,33.718449,85799,31.117271
"879","AROW",2019-07-01,33.68932,33.912621,33.417477,33.495148,18437,30.911201
"880","AROW",2019-07-02,33.300972,33.368931,32.330097,32.563107,12875,30.051062
"881","AROW",2019-07-03,32.902912,33.038834,32.825245,32.825245,4223,30.292976
"882","AROW",2019-07-05,33.233009,33.485435,32.864079,33.446602,8549,30.8664
"883","AROW",2019-07-08,32.757282,33.223301,32.572815,32.728153,11124,30.203377
"884","AROW",2019-07-09,32.844662,33.184467,32.708736,33.087379,6489,30.534883
"885","AROW",2019-07-10,33.213593,33.747574,32.825245,32.864079,11330,30.328817
"886","AROW",2019-07-11,32.737865,33.019417,32.640778,33,9476,30.45425
"887","AROW",2019-07-12,33.407768,33.757282,33.14563,33.14563,16583,30.588646
"888","AROW",2019-07-15,33.475727,33.475727,32.504852,32.718449,5871,30.194418
"889","AROW",2019-07-16,32.582523,32.990292,32.563107,32.737865,10815,30.212339
"890","AROW",2019-07-17,32.54369,32.805824,32.39806,32.475727,6077,29.970423
"891","AROW",2019-07-18,32.786407,33.009708,32.68932,32.805824,6077,30.275055
"892","AROW",2019-07-19,32.611649,32.990292,32.475727,32.669903,12051,30.149616
"893","AROW",2019-07-22,32.436893,32.94175,31.45631,32.427185,21527,29.925625
"894","AROW",2019-07-23,32.048546,32.271847,31.941748,32.029125,9991,29.558273
"895","AROW",2019-07-24,32.359222,33.203884,32.359222,32.961166,15656,30.418415
"896","AROW",2019-07-25,33,33,32.436893,32.524273,12566,30.015224
"897","AROW",2019-07-26,32.766991,33.184467,32.495148,32.718449,24102,30.194418
"898","AROW",2019-07-29,32.563107,33.048546,32.485435,32.582523,20909,30.068975
"899","AROW",2019-07-30,32.524273,32.844662,32.475727,32.699028,32960,30.176498
"900","AROW",2019-07-31,32.533981,33.009708,32.291264,32.291264,38316,29.80019
"901","AROW",2019-08-01,32.291264,32.572815,31.815535,31.922331,70967,29.459717
"902","AROW",2019-08-02,31.786407,32.097088,31.61165,31.941748,29149,29.477634
"903","AROW",2019-08-05,31.650484,31.669903,31.165049,31.359222,33166,28.94005
"904","AROW",2019-08-06,31.514563,31.533981,30.660194,31.368933,18128,28.949009
"905","AROW",2019-08-07,30.941748,31.854368,30.941748,31.504854,21630,29.074446
"906","AROW",2019-08-08,31.766991,32.038834,31.126213,31.553398,23999,29.119247
"907","AROW",2019-08-09,31.650484,31.912621,31.417477,31.786407,18643,29.33428
"908","AROW",2019-08-12,31.572817,31.84466,31.359222,31.640778,16480,29.199881
"909","AROW",2019-08-13,31.650484,32.029125,31.631067,31.922331,12875,29.459717
"910","AROW",2019-08-14,31.45631,31.679611,30.834951,31.067961,16274,28.671253
"911","AROW",2019-08-15,31.048544,31.262136,30.854368,30.873787,9270,28.49206
"912","AROW",2019-08-16,31.009708,31.582523,30.84466,31.067961,44702,28.671253
"913","AROW",2019-08-19,31.495146,32.029125,31.45631,31.873787,11845,29.414917
"914","AROW",2019-08-20,31.766991,31.766991,31.407766,31.45631,5871,29.02965
"915","AROW",2019-08-21,31.533981,31.854368,31.533981,31.834951,13390,29.37908
"916","AROW",2019-08-22,31.873787,31.970875,31.592234,31.68932,12463,29.244682
"917","AROW",2019-08-23,31.69903,31.69903,30.262136,30.320389,23175,27.981354
"918","AROW",2019-08-26,30.757282,31.427183,30.757282,31.378641,13802,28.957968
"919","AROW",2019-08-27,31.271845,31.271845,30.563107,30.563107,13184,28.205351
"920","AROW",2019-08-28,30.582523,31.407766,30.427183,31.135921,15450,28.733976
"921","AROW",2019-08-29,31.601942,31.601942,31.330097,31.330097,14420,28.913172
"922","AROW",2019-08-30,31.553398,31.553398,31.038836,31.223301,16274,28.814613
"923","AROW",2019-09-03,30.69903,31.242718,30.582523,30.893204,21836,28.742352
"924","AROW",2019-09-04,30.951456,31.15534,30.834951,30.932039,7828,28.778484
"925","AROW",2019-09-05,31.31068,31.980583,31.116505,31.572817,18643,29.374649
"926","AROW",2019-09-06,31.669903,31.669903,31.15534,31.339806,15553,29.15786
"927","AROW",2019-09-09,31.077669,32.39806,31.077669,32.194176,21218,29.952747
"928","AROW",2019-09-10,32.194176,32.864079,31.766991,32.718449,16995,30.440517
"929","AROW",2019-09-11,33,33.970875,32.631069,33.951454,26677,31.587683
"930","AROW",2019-09-12,33.592232,34.563107,33.485435,34.281551,35226,31.894793
"931","AROW",2019-09-13,34.60194,35.019417,34.330097,34.737865,32445,32.319336
"932","AROW",2019-09-16,34.630001,35.310001,34.110001,34.880001,27700,32.451584
"933","AROW",2019-09-17,34.59,35.220001,34.34,34.459999,19800,32.060822
"934","AROW",2019-09-18,34.610001,34.82,33.84,34.259998,22600,31.874741
"935","AROW",2019-09-19,34.330002,34.77,33.810001,33.869999,22600,31.511896
"936","AROW",2019-09-20,33.82,35,33.599998,34.509998,60200,32.107338
"937","AROW",2019-09-23,34.099998,34.360001,33.790001,34.080002,9300,31.707279
"938","AROW",2019-09-24,33.970001,34.23,32.810001,33.360001,32500,31.037409
"939","AROW",2019-09-25,33.490002,34.23,33.490002,34.049999,14000,31.679369
"940","AROW",2019-09-26,33.43,33.77,33,33.18,29700,30.869934
"941","AROW",2019-09-27,33.419998,33.700001,32.93,33.43,22600,31.10253
"942","AROW",2019-09-30,33.43,33.790001,33.150002,33.389999,19900,31.065317
"943","AROW",2019-10-01,33.470001,33.689999,32.599998,32.639999,14400,30.367535
"944","AROW",2019-10-02,32.669998,33.040001,32.380001,32.919998,24000,30.628036
"945","AROW",2019-10-03,32.91,32.959999,32.310001,32.68,11700,30.404749
"946","AROW",2019-10-04,32.73,33.040001,32.57,32.919998,11600,30.628036
"947","AROW",2019-10-07,32.720001,33.169998,32.720001,32.869999,7000,30.581518
"948","AROW",2019-10-08,32.599998,33.02,32.029999,32.259998,8400,30.013987
"949","AROW",2019-10-09,32.509998,32.889999,32.360001,32.669998,14100,30.395441
"950","AROW",2019-10-10,32.84,33.119999,32.73,32.740002,10500,30.460571
"951","AROW",2019-10-11,33.169998,33.740002,32.790001,32.790001,20900,30.507088
"952","AROW",2019-10-14,32.220001,32.98,32.220001,32.689999,15300,30.414051
"953","AROW",2019-10-15,32.599998,33.169998,32.580002,33.049999,18000,30.748985
"954","AROW",2019-10-16,32.889999,33.240002,32.869999,32.869999,4700,30.581518
"955","AROW",2019-10-17,33,33.27,32.93,33.25,10500,30.935068
"956","AROW",2019-10-18,33.119999,33.43,32.759998,33.200001,18400,30.888546
"957","AROW",2019-10-21,33.290001,34.110001,33.200001,33.790001,24400,31.437473
"958","AROW",2019-10-22,34.009998,34.279999,33.630001,33.75,18000,31.400251
"959","AROW",2019-10-23,33.860001,34.240002,33.700001,34.189999,27600,31.809618
"960","AROW",2019-10-24,34.25,34.919998,34.07,34.720001,20500,32.302723
"961","AROW",2019-10-25,34.509998,34.880001,34.330002,34.330002,15800,31.939875
"962","AROW",2019-10-28,34.360001,34.880001,34.360001,34.779999,10600,32.358543
"963","AROW",2019-10-29,34.650002,35.23,34.650002,35.049999,23100,32.609737
"964","AROW",2019-10-30,34.860001,35.360001,34.57,35.150002,26100,32.702782
"965","AROW",2019-10-31,35.009998,35.25,34.450001,35.119999,20600,32.67487
"966","AROW",2019-11-01,35.209999,35.549999,35.16,35.299999,20700,32.842339
"967","AROW",2019-11-04,35.700001,35.75,35.389999,35.709999,16500,33.223797
"968","AROW",2019-11-05,35.759998,36.23,35.630001,36.189999,31400,33.670372
"969","AROW",2019-11-06,36.299999,36.389999,35.990002,36.259998,16600,33.7355
"970","AROW",2019-11-07,36.529999,36.830002,36.009998,36.290001,21100,33.763409
"971","AROW",2019-11-08,36.099998,36.73,35.48,35.68,49000,33.195881
"972","AROW",2019-11-11,35.169998,36.130001,35.169998,36.110001,22100,33.59594
"973","AROW",2019-11-12,36.209999,36.209999,35.75,35.98,9200,33.474995
"974","AROW",2019-11-13,35.68,36.360001,35.669998,36.279999,23200,33.754108
"975","AROW",2019-11-14,36.279999,36.650002,35.669998,36.16,23000,33.642464
"976","AROW",2019-11-15,36.389999,36.630001,36,36,16300,33.493607
"977","AROW",2019-11-18,36.060001,36.080002,35.529999,36.080002,10700,33.568031
"978","AROW",2019-11-19,36.130001,36.509998,35.959999,36.330002,22800,33.800625
"979","AROW",2019-11-20,36.560001,36.59,35.970001,36.02,35600,33.512211
"980","AROW",2019-11-21,36.25,36.25,35.700001,36.009998,19900,33.502907
"981","AROW",2019-11-22,35.84,36.09,35.669998,35.779999,10400,33.288914
"982","AROW",2019-11-25,35.869999,36.759998,35.759998,36.599998,25200,34.051826
"983","AROW",2019-11-26,36.419998,36.68,35.990002,36.07,32400,33.558727
"984","AROW",2019-11-27,36.310001,36.32,35.759998,35.880001,24100,33.38195
"985","AROW",2019-11-29,35.889999,35.98,35.650002,35.860001,16700,33.36335
"986","AROW",2019-12-02,35.619999,35.700001,35.16,35.389999,18600,33.166542
"987","AROW",2019-12-03,35.130001,35.259998,34.849998,34.98,14800,32.782307
"988","AROW",2019-12-04,35.16,35.529999,35.049999,35.189999,14700,32.979107
"989","AROW",2019-12-05,35.279999,35.57,35.119999,35.16,18500,32.950993
"990","AROW",2019-12-06,35.529999,35.779999,35.450001,35.639999,33000,33.400837
"991","AROW",2019-12-09,35.349998,36.080002,35.349998,35.970001,33300,33.710102
"992","AROW",2019-12-10,35.959999,36.330002,35.75,36.169998,18000,33.897533
"993","AROW",2019-12-11,36.299999,36.52,36.110001,36.439999,17800,34.15057
"994","AROW",2019-12-12,36.43,37.48,36.43,37,31100,34.675385
"995","AROW",2019-12-13,37.110001,37.450001,36.669998,37.310001,33400,34.965912
"996","AROW",2019-12-16,37.419998,38,37.18,37.450001,42400,35.097122
"997","AROW",2019-12-17,37.48,37.950001,37.439999,37.830002,25300,35.453247
"998","AROW",2019-12-18,37.990002,37.990002,37.599998,37.860001,22800,35.481365
"999","AROW",2019-12-19,37.939999,37.990002,37.630001,37.959999,37000,35.575077
"1000","AROW",2019-12-20,37.959999,37.990002,37.57,37.779999,60900,35.406384
"1001","AROW",2019-12-23,37.669998,37.860001,37.389999,37.639999,17400,35.275181
"1002","AROW",2019-12-24,37.560001,37.790001,37.560001,37.790001,2300,35.415756
"1003","AROW",2019-12-26,38,38.310001,37.580002,38.060001,36100,35.668793
"1004","AROW",2019-12-27,37.959999,37.959999,37.290001,37.52,15500,35.16272
"1005","AROW",2019-12-30,37.610001,37.880001,37.400002,37.790001,16100,35.415756
"1006","AROW",2019-12-31,37.610001,38,37.580002,37.799999,15900,35.425129
"1007","AROW",2020-01-02,37.790001,38.040001,37.16,37.610001,16200,35.247066
"1008","AROW",2020-01-03,37.290001,37.349998,36.91,37.119999,26500,34.787853
"1009","AROW",2020-01-06,37.110001,37.75,36.639999,37.529999,21500,35.172089
"1010","AROW",2020-01-07,37.310001,37.490002,37,37.209999,11500,34.872196
"1011","AROW",2020-01-08,37.07,37.560001,36.919998,37.299999,17100,34.956539
"1012","AROW",2020-01-09,37.349998,37.439999,36.919998,37.169998,18800,34.834713
"1013","AROW",2020-01-10,37.099998,37.110001,36.669998,37.009998,19500,34.684757
"1014","AROW",2020-01-13,36.919998,37.470001,36.610001,37.389999,21400,35.04089
"1015","AROW",2020-01-14,37.27,37.5,36.810001,37.009998,28100,34.684757
"1016","AROW",2020-01-15,36.950001,37.130001,36.549999,36.790001,14200,34.478584
"1017","AROW",2020-01-16,36.950001,37.610001,36.950001,37.400002,11500,35.050259
"1018","AROW",2020-01-17,37.689999,37.689999,36.759998,37.099998,26500,34.769108
"1019","AROW",2020-01-21,36.939999,36.939999,36.490002,36.619999,12300,34.319263
"1020","AROW",2020-01-22,36.68,36.68,36.110001,36.459999,17400,34.169319
"1021","AROW",2020-01-23,36.23,36.869999,36.110001,36.509998,36000,34.216179
"1022","AROW",2020-01-24,36.68,36.779999,35.970001,36.23,11700,33.953766
"1023","AROW",2020-01-27,35.790001,36.5,35.790001,35.919998,42400,33.663242
"1024","AROW",2020-01-28,36.34,36.34,35.529999,35.82,12500,33.569523
"1025","AROW",2020-01-29,35.689999,36.029999,35.119999,35.279999,17600,33.063457
"1026","AROW",2020-01-30,35.169998,35.860001,35.169998,35.380001,35500,33.157169
"1027","AROW",2020-01-31,35.150002,35.549999,35.009998,35.060001,24500,32.857269
"1028","AROW",2020-02-03,35.09,35.560001,35.09,35.220001,23600,33.007225
"1029","AROW",2020-02-04,35.650002,35.75,35.16,35.259998,23600,33.044712
"1030","AROW",2020-02-05,35.549999,35.880001,35.25,35.560001,15600,33.325863
"1031","AROW",2020-02-06,35.75,35.75,35.029999,35.240002,16200,33.025967
"1032","AROW",2020-02-07,35.119999,35.139999,34.799999,34.799999,18100,32.613609
"1033","AROW",2020-02-10,34.970001,35.580002,34.84,35.52,12200,33.288376
"1034","AROW",2020-02-11,35.59,35.689999,34.529999,34.869999,18100,32.679211
"1035","AROW",2020-02-12,35.139999,35.529999,34.98,35.34,13300,33.119686
"1036","AROW",2020-02-13,35.299999,35.639999,35.299999,35.5,8600,33.269634
"1037","AROW",2020-02-14,35.509998,35.639999,34.82,34.919998,15600,32.72607
"1038","AROW",2020-02-18,34.919998,34.990002,34.689999,34.720001,5900,32.538643
"1039","AROW",2020-02-19,34.630001,34.93,34.630001,34.700001,10100,32.519897
"1040","AROW",2020-02-20,34.700001,35.02,34.700001,34.880001,13000,32.688587
"1041","AROW",2020-02-21,34.950001,35.060001,34.75,34.889999,11700,32.697956
"1042","AROW",2020-02-24,34.18,34.459999,33.919998,34.07,17600,31.929476
"1043","AROW",2020-02-25,34.07,34.07,33.400002,33.400002,34800,31.301575
"1044","AROW",2020-02-26,33.610001,34.07,33.299999,33.57,19300,31.460886
"1045","AROW",2020-02-27,33.150002,33.880001,32.34,32.349998,28800,30.317537
"1046","AROW",2020-02-28,31.73,32.150002,31.299999,31.67,68100,29.680258
"1047","AROW",2020-03-02,31.799999,33.41,31.370001,33.18,46100,31.352785
"1048","AROW",2020-03-03,32.959999,33.490002,32.18,32.529999,23700,30.738583
"1049","AROW",2020-03-04,32.720001,33.18,31.889999,33.18,23800,31.352785
"1050","AROW",2020-03-05,32.52,32.689999,31.51,32.02,32400,30.256666
"1051","AROW",2020-03-06,31.17,31.85,30.42,31.040001,30800,29.330637
"1052","AROW",2020-03-09,29.18,30.42,28.040001,28.24,66100,26.68483
"1053","AROW",2020-03-10,29.01,30,28.02,29.35,53300,27.733702
"1054","AROW",2020-03-11,28.9,29.57,27.82,28.15,50800,26.599787
"1055","AROW",2020-03-12,26.35,26.4,24.76,25.299999,81500,23.906734
"1056","AROW",2020-03-13,25.379999,30.389999,25.379999,28.290001,75100,26.732079
"1057","AROW",2020-03-16,25.530001,27.49,24.5,24.85,48600,23.481518
"1058","AROW",2020-03-17,24.450001,29.790001,24.450001,29.780001,56000,28.140026
"1059","AROW",2020-03-18,27.290001,28.16,25.84,26.18,54100,24.738276
"1060","AROW",2020-03-19,26,29.27,23.01,27.790001,43100,26.259613
"1061","AROW",2020-03-20,27.66,28.450001,24.77,24.77,63000,23.405922
"1062","AROW",2020-03-23,25.040001,25.040001,20.790001,23.91,75800,22.593281
"1063","AROW",2020-03-24,25.43,26.35,24.07,26.35,56200,24.898916
"1064","AROW",2020-03-25,26.58,26.9,24.65,25.620001,40300,24.209114
"1065","AROW",2020-03-26,25.85,28.26,25.190001,28.26,39400,26.703728
"1066","AROW",2020-03-27,26.9,27.49,25.85,25.85,35300,24.426447
"1067","AROW",2020-03-30,26.059999,27.35,25.59,27.25,25800,25.749352
"1068","AROW",2020-03-31,26.799999,27.870001,26,27.870001,77500,26.335207
"1069","AROW",2020-04-01,26.459999,26.459999,24.700001,24.74,49600,23.377573
"1070","AROW",2020-04-02,24.23,26.23,23.790001,25.4,33400,24.001228
"1071","AROW",2020-04-03,24.950001,25.57,23.559999,23.950001,28500,22.631083
"1072","AROW",2020-04-06,25.33,26.780001,25.33,26.58,58300,25.116243
"1073","AROW",2020-04-07,27.790001,27.790001,25.57,26.27,31800,24.823318
"1074","AROW",2020-04-08,26.65,27.620001,25.93,27.309999,41500,25.806044
"1075","AROW",2020-04-09,27.790001,29,27.27,28.77,39300,27.185644
"1076","AROW",2020-04-13,28.5,28.5,26.85,27.18,36500,25.683205
"1077","AROW",2020-04-14,27.98,27.98,26.120001,26.809999,30500,25.33358
"1078","AROW",2020-04-15,25.59,26.219999,25.18,25.57,32300,24.161867
"1079","AROW",2020-04-16,25.360001,25.74,23.639999,24.77,65000,23.405922
"1080","AROW",2020-04-17,25.51,26.540001,25.51,26.35,40900,24.898916
"1081","AROW",2020-04-20,25.66,26.440001,25.440001,25.799999,41200,24.3792
"1082","AROW",2020-04-21,25.01,25.82,25.01,25.610001,29400,24.199665
"1083","AROW",2020-04-22,26.360001,26.360001,25.07,25.49,38600,24.086273
"1084","AROW",2020-04-23,25.35,26.77,25.35,25.98,29600,24.549286
"1085","AROW",2020-04-24,25.98,26.290001,25.530001,26.110001,19900,24.672129
"1086","AROW",2020-04-27,26.540001,28.48,26.540001,28.35,34900,26.788774
"1087","AROW",2020-04-28,28.77,29.639999,28.290001,28.83,42900,27.242338
"1088","AROW",2020-04-29,29.879999,31.48,29.24,30.35,44800,28.678633
"1089","AROW",2020-04-30,29.559999,29.559999,28.299999,28.5,29300,26.930511
"1090","AROW",2020-05-01,27.540001,27.74,27,27.690001,34600,26.165121
"1091","AROW",2020-05-04,27.33,29.84,27.299999,27.950001,24100,26.410801
"1092","AROW",2020-05-05,28.049999,28.66,26.469999,26.73,32500,25.257986
"1093","AROW",2020-05-06,26.85,27.219999,25.950001,26.34,24400,24.889462
"1094","AROW",2020-05-07,26.66,26.950001,25.91,26.280001,33900,24.832767
"1095","AROW",2020-05-08,27.030001,27.889999,26.870001,27.51,27200,25.995033
"1096","AROW",2020-05-11,27.08,27.51,26.24,26.889999,40700,25.409174
"1097","AROW",2020-05-12,26.860001,26.860001,25.59,25.67,43400,24.256359
"1098","AROW",2020-05-13,25.51,25.51,24.219999,25.440001,28300,24.039026
"1099","AROW",2020-05-14,24.780001,25.299999,23.700001,25.040001,37300,23.661055
"1100","AROW",2020-05-15,24.92,25.6,24.67,25.58,26500,24.171318
"1101","AROW",2020-05-18,26.309999,27.440001,26.309999,27.440001,48400,25.928886
"1102","AROW",2020-05-19,27.290001,27.290001,25.709999,25.969999,35300,24.539837
"1103","AROW",2020-05-20,26.459999,27.629999,26.459999,27.51,26400,25.995033
"1104","AROW",2020-05-21,27.049999,27.790001,27.049999,27.440001,22500,25.928886
"1105","AROW",2020-05-22,27.58,27.58,26.82,27.389999,18200,25.881641
"1106","AROW",2020-05-26,28.68,28.9,28.18,28.4,31200,26.83602
"1107","AROW",2020-05-27,29.190001,31.629999,28.6,30.74,48300,29.047155
"1108","AROW",2020-05-28,31.129999,31.18,29.41,29.450001,35600,27.828197
"1109","AROW",2020-05-29,29.190001,29.280001,28.459999,29.25,39700,27.639206
"1110","AROW",2020-06-01,29.41,29.92,28.91,28.959999,46400,27.365179
"1111","AROW",2020-06-02,28.469999,28.99,28.299999,28.440001,21000,27.117271
"1112","AROW",2020-06-03,29.120001,30.16,28.639999,29.26,28900,27.899136
"1113","AROW",2020-06-04,29.129999,29.629999,28.51,29.379999,24500,28.013554
"1114","AROW",2020-06-05,29.860001,31.68,29.67,30.969999,50200,29.529604
"1115","AROW",2020-06-08,31.620001,31.620001,30.190001,30.549999,26400,29.129137
"1116","AROW",2020-06-09,29.889999,30.77,29.33,30.15,21500,28.74774
"1117","AROW",2020-06-10,30.15,30.15,28.610001,28.959999,36800,27.613089
"1118","AROW",2020-06-11,27.719999,28.360001,27.129999,27.540001,53000,26.259132
"1119","AROW",2020-06-12,28.700001,28.700001,27.25,27.940001,43800,26.640526
"1120","AROW",2020-06-15,27.25,29.370001,27.17,28.65,57000,27.317505
"1121","AROW",2020-06-16,29.91,29.969999,28.07,29.030001,42000,27.679832
"1122","AROW",2020-06-17,29.17,29.17,27.870001,27.969999,20800,26.669128
"1123","AROW",2020-06-18,27.709999,28.559999,27.559999,28.17,11700,26.859831
"1124","AROW",2020-06-19,28.58,28.58,27.58,28.24,67300,26.926575
"1125","AROW",2020-06-22,27.780001,28.639999,27.780001,28.440001,20700,27.117271
"1126","AROW",2020-06-23,28.65,28.65,27.950001,27.950001,20700,26.650063
"1127","AROW",2020-06-24,27.549999,27.709999,26.91,27.07,25400,25.810991
"1128","AROW",2020-06-25,26.9,28.43,26.59,28.360001,41400,27.040993
"1129","AROW",2020-06-26,28.059999,28.059999,26.68,27.389999,71300,26.116108
"1130","AROW",2020-06-29,27.639999,28.879999,27.639999,28.82,41400,27.479599
"1131","AROW",2020-06-30,28.530001,29.879999,28.530001,29.73,33400,28.347279
"1132","AROW",2020-07-01,29.84,29.84,28.58,28.58,28700,27.250761
"1133","AROW",2020-07-02,29.33,29.51,28.17,28.49,19100,27.164948
"1134","AROW",2020-07-06,28.91,29.09,28.120001,28.52,21200,27.193552
"1135","AROW",2020-07-07,28.110001,28.280001,27.49,27.73,31300,26.440294
"1136","AROW",2020-07-08,27.73,27.99,26.700001,27.370001,25100,26.097038
"1137","AROW",2020-07-09,27.17,27.370001,26.530001,26.84,40900,25.591688
"1138","AROW",2020-07-10,26.91,27.9,26.91,27.889999,15600,26.592852
"1139","AROW",2020-07-13,28.290001,28.290001,27.309999,27.75,23800,26.459364
"1140","AROW",2020-07-14,27.75,28.16,27.549999,28.08,18000,26.774015
"1141","AROW",2020-07-15,28.879999,29.540001,28.34,29.26,49800,27.899136
"1142","AROW",2020-07-16,29.25,29.469999,28.190001,28.66,30400,27.327042
"1143","AROW",2020-07-17,28.540001,28.82,28.299999,28.389999,19200,27.069597
"1144","AROW",2020-07-20,28.41,28.459999,27.870001,27.92,22800,26.621456
"1145","AROW",2020-07-21,28.41,29.309999,28.049999,29,53900,27.651226
"1146","AROW",2020-07-22,28.639999,28.940001,27.51,28.5,28500,27.174482
"1147","AROW",2020-07-23,28.309999,29.110001,28.309999,29.02,31800,27.6703
"1148","AROW",2020-07-24,28.74,29.030001,28.059999,28.48,33400,27.155411
"1149","AROW",2020-07-27,28.4,28.4,27.85,27.959999,22900,26.659597
"1150","AROW",2020-07-28,27.82,28.379999,27.75,27.75,15300,26.459364
"1151","AROW",2020-07-29,28.01,28.129999,27.559999,27.76,43900,26.468899
"1152","AROW",2020-07-30,27.48,27.870001,27.190001,27.639999,31500,26.354481
"1153","AROW",2020-07-31,27.370001,27.65,26.85,27.299999,46600,26.030293
"1154","AROW",2020-08-03,27.35,27.65,27.049999,27.469999,30100,26.192385
"1155","AROW",2020-08-04,27.66,27.709999,27.17,27.450001,39100,26.173319
"1156","AROW",2020-08-05,27.639999,27.879999,27.299999,27.860001,19100,26.564247
"1157","AROW",2020-08-06,27.67,27.950001,27.57,27.700001,19100,26.41169
"1158","AROW",2020-08-07,27.549999,29.040001,27.549999,29.040001,29100,27.689367
"1159","AROW",2020-08-10,29.1,29.57,28.91,29.26,27900,27.899136
"1160","AROW",2020-08-11,29.540001,30,29.27,29.459999,26900,28.08983
"1161","AROW",2020-08-12,30,30,29.27,29.65,18000,28.270994
"1162","AROW",2020-08-13,29.51,29.51,28.76,28.780001,12300,27.441462
"1163","AROW",2020-08-14,28.65,29.17,28.57,28.799999,9600,27.460527
"1164","AROW",2020-08-17,28.6,28.85,28.379999,28.75,13900,27.412853
"1165","AROW",2020-08-18,28.879999,28.969999,27.969999,28,18100,26.697739
"1166","AROW",2020-08-19,28.16,28.74,28.120001,28.389999,16700,27.069597
"1167","AROW",2020-08-20,28.23,28.34,27.92,28.24,16700,26.926575
"1168","AROW",2020-08-21,28.24,28.860001,28.1,28.76,67200,27.422392
"1169","AROW",2020-08-24,29.26,29.26,28.700001,28.969999,24500,27.622623
"1170","AROW",2020-08-25,29.110001,29.219999,28.549999,28.59,14600,27.260298
"1171","AROW",2020-08-26,28.52,28.52,27.83,27.9,22900,26.602386
"1172","AROW",2020-08-27,28.049999,28.719999,28.049999,28.4,21200,27.079134
"1173","AROW",2020-08-28,28.709999,28.709999,28.040001,28.469999,22100,27.145876
"1174","AROW",2020-08-31,28.549999,29.01,28.17,28.65,49900,27.317505
"1175","AROW",2020-09-01,28.299999,28.620001,28.040001,28.280001,24300,27.21166
"1176","AROW",2020-09-02,28.23,28.370001,27.879999,28.24,24900,27.173172
"1177","AROW",2020-09-03,28.219999,28.639999,28.01,28.219999,17300,27.153929
"1178","AROW",2020-09-04,28.6,28.719999,28.02,28.49,26600,27.413727
"1179","AROW",2020-09-08,28.389999,28.389999,27.52,28.02,40100,26.961485
"1180","AROW",2020-09-09,28.15,28.24,27.57,27.690001,18900,26.643953
"1181","AROW",2020-09-10,27.84,27.879999,27.59,27.59,24000,26.547728
"1182","AROW",2020-09-11,27.77,27.969999,27.5,27.540001,28200,26.499619
"1183","AROW",2020-09-14,27.76,28,27.690001,27.860001,17000,26.807528
"1184","AROW",2020-09-15,28.379999,28.379999,27.719999,27.77,28600,26.720926
"1185","AROW",2020-09-16,27.26,27.59,27.129999,27.27,27200,26.239819
"1186","AROW",2020-09-17,26.889999,27.309999,26.700001,26.73,24100,25.720215
"1187","AROW",2020-09-18,27.1,27.48,26.35,27.469999,129900,26.432261
"1188","AROW",2020-09-21,26.780001,26.809999,25.110001,25.51,50800,24.546303
"1189","AROW",2020-09-22,25.65,25.9,24.85,25.209999,29300,24.257635
"1190","AROW",2020-09-23,25.17,25.459999,24.58,24.629999,29300,23.699547
"1191","AROW",2020-09-24,24.74,25.379999,24.629999,24.959999,20000,24.01708
"1192","AROW",2020-09-25,24.700001,25.15,24.700001,25.139999,18000,24.190283
"1193","AROW",2020-09-28,25.35,25.690001,25.27,25.42,22500,24.459703
"1194","AROW",2020-09-29,25.34,25.370001,24.74,25.049999,16300,24.10368
"1195","AROW",2020-09-30,25.190001,25.370001,24.92,25.09,14700,24.142172
"1196","AROW",2020-10-01,25.09,25.17,24.799999,25.1,19300,24.151791
"1197","AROW",2020-10-02,24.51,26.059999,24.51,25.690001,13400,24.719503
"1198","AROW",2020-10-05,26.030001,26.540001,25.91,26.48,22000,25.47966
"1199","AROW",2020-10-06,26.790001,27.459999,26.18,26.41,28000,25.412306
"1200","AROW",2020-10-07,26.91,27.219999,26.65,27.030001,25900,26.008883
"1201","AROW",2020-10-08,27.309999,27.4,26.809999,27.16,22300,26.13397
"1202","AROW",2020-10-09,27.4,27.67,26.85,27.190001,14800,26.162838
"1203","AROW",2020-10-12,27.049999,27.75,27,27.66,15500,26.615082
"1204","AROW",2020-10-13,27.450001,27.5,26.77,27.16,28000,26.13397
"1205","AROW",2020-10-14,27.280001,27.32,26.35,26.360001,10400,25.364193
"1206","AROW",2020-10-15,26.17,27.34,26.07,27.09,16000,26.066614
"1207","AROW",2020-10-16,26.92,27.25,26.58,27.02,16000,25.99926
"1208","AROW",2020-10-19,27.34,27.469999,26.77,26.809999,15300,25.797194
"1209","AROW",2020-10-20,27,27.57,27,27.309999,10900,26.278305
"1210","AROW",2020-10-21,27.25,27.75,26.889999,27.75,10100,26.701683
"1211","AROW",2020-10-22,27.82,29.360001,27.07,28.950001,36000,27.85635
"1212","AROW",2020-10-23,28.950001,29.35,28.73,29.190001,19800,28.087284
"1213","AROW",2020-10-26,28.790001,28.790001,28.049999,28.41,21300,27.33675
"1214","AROW",2020-10-27,28.17,28.309999,27.450001,27.49,19400,26.451506
"1215","AROW",2020-10-28,26.75,27.49,26.75,26.879999,32700,25.864546
"1216","AROW",2020-10-29,26.77,27.440001,26.719999,27.389999,31800,26.355284
"1217","AROW",2020-10-30,27.059999,27.690001,27.059999,27.370001,23200,26.33604
"1218","AROW",2020-11-02,27.66,27.99,27.43,27.870001,13500,26.81715
"1219","AROW",2020-11-03,28,28.709999,28,28.58,37100,27.500328
"1220","AROW",2020-11-04,28.01,28.01,26.459999,26.620001,38200,25.614372
"1221","AROW",2020-11-05,26.450001,27.719999,26.450001,27.559999,21900,26.518858
"1222","AROW",2020-11-06,27.74,27.74,26.459999,26.559999,21600,25.556639
"1223","AROW",2020-11-09,27.549999,29.48,27.549999,28.450001,75900,27.37524
"1224","AROW",2020-11-10,27.58,30.5,27.58,30.01,72000,28.876305
"1225","AROW",2020-11-11,30.18,30.25,29.24,29.49,21900,28.375952
"1226","AROW",2020-11-12,29.1,29.18,27.879999,28.700001,20100,27.615797
"1227","AROW",2020-11-13,28.98,29.83,28.959999,29.219999,22100,28.11615
"1228","AROW",2020-11-16,30.040001,31.41,29.52,31.41,39400,30.223417
"1229","AROW",2020-11-17,30.92,31.18,30.27,30.82,31200,29.655708
"1230","AROW",2020-11-18,31.139999,31.200001,30.18,30.18,16300,29.039885
"1231","AROW",2020-11-19,30.129999,31.040001,29.74,30.65,11600,29.49213
"1232","AROW",2020-11-20,30.190001,30.6,29.6,30.190001,23900,29.049509
"1233","AROW",2020-11-23,30.23,30.76,29.700001,29.9,24100,28.770462
"1234","AROW",2020-11-24,30.389999,31.799999,30.059999,31.58,42400,30.386997
"1235","AROW",2020-11-25,31.219999,31.389999,30.58,30.91,19400,29.742306
"1236","AROW",2020-11-27,30.85,31.879999,30.129999,30.700001,10600,29.540243
"1237","AROW",2020-11-30,29.860001,31.110001,29.76,29.76,51800,28.635752
"1238","AROW",2020-12-01,30.030001,30.299999,29.59,30,26000,29.121103
"1239","AROW",2020-12-02,30,30.559999,29.73,30.110001,18500,29.22788
"1240","AROW",2020-12-03,30.219999,30.280001,29.860001,30.02,11500,29.140518
"1241","AROW",2020-12-04,30.35,30.889999,30.07,30.719999,19900,29.820009
"1242","AROW",2020-12-07,30.940001,30.940001,30.209999,30.459999,14800,29.567625
"1243","AROW",2020-12-08,30.1,30.84,30.1,30.75,16200,29.849129
"1244","AROW",2020-12-09,30.99,30.99,29.99,30.51,28600,29.616161
"1245","AROW",2020-12-10,30.6,30.860001,30.450001,30.73,7400,29.829716
"1246","AROW",2020-12-11,30.58,31.129999,30.57,30.959999,16900,30.052979
"1247","AROW",2020-12-14,31.059999,31.370001,30.6,30.6,27600,29.703526
"1248","AROW",2020-12-15,30.959999,31.719999,30.809999,31.360001,48500,30.441259
"1249","AROW",2020-12-16,31.41,31.870001,31.16,31.32,22900,30.40243
"1250","AROW",2020-12-17,31.59,31.809999,31.129999,31.66,21200,30.73247
"1251","AROW",2020-12-18,31.879999,32,30.299999,31.09,116900,30.179169
"1252","AROW",2020-12-21,30.940001,30.940001,30.139999,30.34,24800,29.451139
"1253","AROW",2020-12-22,30.24,30.48,29.290001,29.41,39100,28.548386
"1254","AROW",2020-12-23,29.780001,30.299999,29.41,30.27,17400,29.383192
"1255","AROW",2020-12-24,30.309999,30.49,29.940001,30.23,10400,29.344364
"1256","AROW",2020-12-28,30.389999,30.719999,30.34,30.549999,6700,29.654989
"1257","AROW",2020-12-29,30.559999,30.559999,29.780001,30.07,28400,29.189053
"1258","AROW",2020-12-30,30,30.290001,29.75,29.969999,17900,29.09198
"1259","AROW",2020-12-31,29.76,30.08,29.65,29.91,19800,29.033737
"1260","AROW",2021-01-04,30.139999,30.18,29.5,29.889999,32600,29.014324
"1261","AROW",2021-01-05,30,30.450001,29.82,30.01,25400,29.13081
"1262","AROW",2021-01-06,30.799999,32.330002,30.75,31.49,48700,30.56745
"1263","AROW",2021-01-07,32,32,31.450001,31.459999,19800,30.538328
"1264","AROW",2021-01-08,31.59,31.629999,30.23,30.950001,28300,30.04327
"1265","AROW",2021-01-11,30.6,31.049999,30,30.620001,26200,29.722939
"1266","AROW",2021-01-12,30.860001,31.49,30.700001,31.41,24600,30.489794
"1267","AROW",2021-01-13,31.190001,31.549999,30.620001,30.98,15300,30.072392
"1268","AROW",2021-01-14,31.17,31.82,30.629999,31.43,19500,30.509209
"1269","AROW",2021-01-15,30.969999,31.34,30.68,31.08,21100,30.169462
"1270","AROW",2021-01-19,31.34,31.469999,30.98,31.299999,25400,30.383017
"1271","AROW",2021-01-20,31.190001,31.83,31.190001,31.549999,21400,30.62569
"1272","AROW",2021-01-21,31.09,31.49,30.620001,30.809999,34100,29.907372
"1273","AROW",2021-01-22,30.610001,31.389999,30.610001,31.35,26100,30.431553
"1274","AROW",2021-01-25,31.26,31.26,30.01,30.940001,28300,30.033564
"1275","AROW",2021-01-26,31.34,31.34,30.32,30.51,22200,29.616161
"1276","AROW",2021-01-27,29.870001,30.83,28.76,29.549999,44000,28.684284
"1277","AROW",2021-01-28,30.139999,30.389999,29.629999,29.719999,22900,28.849304
"1278","AROW",2021-01-29,29.84,29.92,29.049999,29.4,24600,28.538679
"1279","AROW",2021-02-01,29.35,29.469999,28.65,29.290001,23200,28.431904
"1280","AROW",2021-02-02,29.450001,29.9,29.27,29.67,13200,28.80077
"1281","AROW",2021-02-03,29.65,29.65,29.059999,29.41,18800,28.548386
"1282","AROW",2021-02-04,29.549999,30.59,29.41,30.59,27300,29.693817
"1283","AROW",2021-02-05,30.84,31.08,30.24,31.030001,31700,30.120926
"1284","AROW",2021-02-08,30.959999,31.709999,30.700001,31.709999,28800,30.781006
"1285","AROW",2021-02-09,31.67,31.799999,31.27,31.540001,20500,30.615986
"1286","AROW",2021-02-10,31.799999,31.860001,31.27,31.58,23900,30.654814
"1287","AROW",2021-02-11,31.549999,31.950001,31.120001,31.709999,23000,30.781006
"1288","AROW",2021-02-12,31.549999,31.780001,30.860001,31.09,14800,30.179169
"1289","AROW",2021-02-16,31.32,31.620001,30.9,31.200001,16300,30.285948
"1290","AROW",2021-02-17,31.040001,31.860001,30.870001,31.120001,12100,30.20829
"1291","AROW",2021-02-18,31.049999,31.280001,30.879999,30.91,13800,30.004442
"1292","AROW",2021-02-19,31.049999,31.42,31.049999,31.42,11300,30.499502
"1293","AROW",2021-02-22,31.129999,32,31.129999,31.83,20800,30.89749
"1294","AROW",2021-02-23,31.799999,33,31.549999,32.09,20700,31.149872
"1295","AROW",2021-02-24,32.369999,32.84,32.009998,32.220001,37100,31.276066
"1296","AROW",2021-02-25,32.48,32.75,32.23,32.23,20600,31.28577
"1297","AROW",2021-02-26,32.02,32.549999,31.370001,31.860001,35300,30.926611
"1298","AROW",2021-03-01,32.029999,32.439999,31.879999,32.049999,22500,31.367022
"1299","AROW",2021-03-02,32.02,32.369999,31.549999,31.860001,22900,31.18107
"1300","AROW",2021-03-03,32.16,33.5,31.860001,32.990002,37100,32.286991
"1301","AROW",2021-03-04,32.939999,34.169998,32.549999,32.75,45900,32.052105
"1302","AROW",2021-03-05,33.299999,34.509998,32.799999,33.98,36800,33.255894
"1303","AROW",2021-03-08,34.09,35.5,34.09,35.279999,46300,34.528191
"1304","AROW",2021-03-09,35.16,35.380001,34.189999,34.630001,22500,33.892044
"1305","AROW",2021-03-10,34.68,35.939999,34.549999,35.82,29000,35.056683
"1306","AROW",2021-03-11,35.93,36.099998,35.110001,35.98,25300,35.213272
"1307","AROW",2021-03-12,35.990002,36.48,35.869999,36.099998,40300,35.330715
"1308","AROW",2021-03-15,36.360001,36.360001,34.799999,35.52,23000,34.763077
"1309","AROW",2021-03-16,35.16,35.27,34.279999,34.580002,20200,33.843109
"1310","AROW",2021-03-17,34.790001,34.939999,34.209999,34.75,20600,34.009483
"1311","AROW",2021-03-18,34.470001,35.810001,34.470001,34.810001,17900,34.068211
"1312","AROW",2021-03-19,34.580002,34.669998,33.52,34.34,137500,33.608223
"1313","AROW",2021-03-22,34.34,34.639999,33.240002,33.689999,20900,32.972073
"1314","AROW",2021-03-23,33.419998,34.220001,33.049999,33.119999,15900,32.414223
"1315","AROW",2021-03-24,32.59,34.540001,32.59,32.93,13400,32.228268
"1316","AROW",2021-03-25,33.18,34.689999,32.48,33.889999,24300,33.167812
"1317","AROW",2021-03-26,34.189999,34.32,33.48,34.32,15300,33.588646
"1318","AROW",2021-03-29,33.84,34.330002,33.57,33.57,15100,32.854633
"1319","AROW",2021-03-30,33.889999,34.650002,33.57,33.860001,19700,33.138454
"1320","AROW",2021-03-31,33.740002,33.810001,33.259998,33.310001,40300,32.600174
"1321","AROW",2021-04-01,33.32,33.900002,33.310001,33.849998,11000,33.128662
"1322","AROW",2021-04-05,34.25,34.630001,33.799999,34.57,20000,33.833321
"1323","AROW",2021-04-06,34.799999,35.349998,33.889999,34.07,17300,33.343979
"1324","AROW",2021-04-07,34.150002,34.150002,33.290001,33.490002,16600,32.77634
"1325","AROW",2021-04-08,33.5,33.689999,33.220001,33.689999,11500,32.972073
"1326","AROW",2021-04-09,33.639999,33.880001,33.330002,33.5,17000,32.786125
"1327","AROW",2021-04-12,33.5,34.150002,33.5,34.09,11700,33.363544
"1328","AROW",2021-04-13,34.220001,34.619999,33.32,33.59,20500,32.874203
"1329","AROW",2021-04-14,34.07,34.25,33.73,33.93,10300,33.206959
"1330","AROW",2021-04-15,33.93,34.220001,33.5,34.060001,11500,33.33419
"1331","AROW",2021-04-16,34.299999,34.360001,33.509998,34,29700,33.275467
"1332","AROW",2021-04-19,34,34.060001,33.599998,34,24000,33.275467
"1333","AROW",2021-04-20,34.009998,34.169998,33.900002,34.02,34600,33.29504
"1334","AROW",2021-04-21,34.009998,34.919998,33.889999,34.75,32300,34.009483
"1335","AROW",2021-04-22,34.970001,35,33.310001,34.68,31800,33.940975
"1336","AROW",2021-04-23,34.98,35.490002,34.400002,34.400002,51000,33.666943
"1337","AROW",2021-04-26,34.689999,35.5,33.970001,34.23,37200,33.500568
"1338","AROW",2021-04-27,34.630001,35.400002,34,34.43,37500,33.696304
"1339","AROW",2021-04-28,34.32,35.82,34.02,35.610001,31700,34.851158
"1340","AROW",2021-04-29,35.860001,36.290001,35.139999,35.900002,22800,35.134979
"1341","AROW",2021-04-30,35.52,35.57,34.240002,35.349998,45800,34.596695
"1342","AROW",2021-05-03,35.48,36.09,35.360001,36.009998,27500,35.242634
"1343","AROW",2021-05-04,35.810001,36.66,35.52,36.130001,18000,35.360081
"1344","AROW",2021-05-05,36.060001,36.470001,35.5,35.880001,17600,35.115406
"1345","AROW",2021-05-06,36.049999,37.459999,35.860001,37.41,40100,36.612801
"1346","AROW",2021-05-07,37.049999,37.880001,37,37.700001,30700,36.896622
"1347","AROW",2021-05-10,37.880001,38.259998,37.32,37.77,52400,36.96513
"1348","AROW",2021-05-11,37.150002,37.799999,37.040001,37.5,31500,36.700882
"1349","AROW",2021-05-12,37.419998,37.619999,36.41,36.41,39200,35.634113
"1350","AROW",2021-05-13,36.389999,37.700001,36.330002,37.299999,24400,36.505146
"1351","AROW",2021-05-14,37.360001,37.889999,36.73,37.27,18900,36.475784
"1352","AROW",2021-05-17,37.02,37.189999,36.630001,36.950001,19400,36.162601
"1353","AROW",2021-05-18,37.32,37.32,36.439999,36.59,16500,35.810276
"1354","AROW",2021-05-19,36.209999,36.209999,35.16,36.049999,39600,35.281784
"1355","AROW",2021-05-20,35.91,36.490002,35.77,36.150002,28200,35.37965
"1356","AROW",2021-05-21,36.52,36.830002,36.299999,36.68,17800,35.898357
"1357","AROW",2021-05-24,36.73,36.73,36,36.25,19900,35.47752
"1358","AROW",2021-05-25,36.220001,37.220001,35.029999,35.040001,23100,34.293304
"1359","AROW",2021-05-26,35.27,36.34,35.27,36.16,24800,35.389435
"1360","AROW",2021-05-27,36.52,36.779999,36.349998,36.5,39400,35.722195
"1361","AROW",2021-05-28,36.830002,37.169998,36.299999,37.099998,22700,36.309402
"1362","AROW",2021-06-01,37.110001,37.240002,36.59,37,27700,36.467102
"1363","AROW",2021-06-02,37.07,37.139999,36.080002,36.48,26400,35.954594
"1364","AROW",2021-06-03,36.470001,36.77,36.200001,36.759998,25600,36.230556
"1365","AROW",2021-06-04,36.75,36.75,36.299999,36.669998,23500,36.141853
"1366","AROW",2021-06-07,36.619999,36.919998,36.25,36.82,17600,36.289692
"1367","AROW",2021-06-08,36.900002,37,36.34,36.669998,28600,36.141853
"1368","AROW",2021-06-09,36.66,37,36.34,36.98,39300,36.447392
"1369","AROW",2021-06-10,37.16,37.220001,36.790001,36.790001,44300,36.260128
"1370","AROW",2021-06-11,37.049999,37.060001,36.720001,36.889999,18000,36.358685
"1371","AROW",2021-06-14,36.970001,36.970001,36.5,36.66,34600,36.131996
"1372","AROW",2021-06-15,36.880001,37.169998,36.669998,37.049999,32700,36.51638
"1373","AROW",2021-06-16,36.98,37.349998,36.709999,37.32,34700,36.782494
"1374","AROW",2021-06-17,37.279999,37.5,36.950001,37.200001,38500,36.664223
"1375","AROW",2021-06-18,36.57,37.630001,36.029999,36.18,172900,35.658913
"1376","AROW",2021-06-21,36.509998,36.93,36.080002,36.18,38800,35.658913
"1377","AROW",2021-06-22,36.27,36.720001,35.5,36.150002,36600,35.629345
"1378","AROW",2021-06-23,36.150002,36.41,35.900002,36.060001,24000,35.540646
"1379","AROW",2021-06-24,36.150002,36.669998,35.900002,36.560001,27300,36.033443
"1380","AROW",2021-06-25,36.349998,37.540001,36.25,36.610001,139100,36.082718
"1381","AROW",2021-06-28,36.75,36.779999,36.110001,36.5,35700,35.974304
"1382","AROW",2021-06-29,36.57,36.91,36,36.220001,35200,35.698338
"1383","AROW",2021-06-30,36,36.360001,35.610001,35.950001,56600,35.432224
"1384","AROW",2021-07-01,36.029999,36.27,35.720001,36.189999,36700,35.668766
"1385","AROW",2021-07-02,36.200001,36.450001,35.779999,35.959999,33000,35.442081
"1386","AROW",2021-07-06,35.919998,36.27,35.25,35.869999,46800,35.353374
"1387","AROW",2021-07-07,35.779999,36.200001,35.779999,36,28300,35.481503
"1388","AROW",2021-07-08,35.459999,36.02,35.139999,35.560001,31800,35.04784
"1389","AROW",2021-07-09,35.93,36.18,35.540001,36.049999,18300,35.530785
"1390","AROW",2021-07-12,35.91,36.380001,35.759998,36.189999,35600,35.668766
"1391","AROW",2021-07-13,36.099998,36.369999,35.650002,36,23100,35.481503
"1392","AROW",2021-07-14,36.009998,36.25,35.759998,36.09,18900,35.57021
"1393","AROW",2021-07-15,35.91,36.450001,35.82,36.400002,22400,35.875744
"1394","AROW",2021-07-16,36.560001,36.709999,36.060001,36.32,23200,35.796894
"1395","AROW",2021-07-19,35.700001,36.470001,35.349998,36,42600,35.481503
"1396","AROW",2021-07-20,35.82,36.810001,35.560001,35.580002,59100,35.067554
"1397","AROW",2021-07-21,35.919998,36.439999,35.630001,36.07,22700,35.550495
"1398","AROW",2021-07-22,35.869999,35.869999,35.049999,35.18,18500,34.673317
"1399","AROW",2021-07-23,35.549999,36.119999,35.52,35.810001,9200,35.294243
"1400","AROW",2021-07-26,35.91,36.400002,35.790001,36,18100,35.481503
"1401","AROW",2021-07-27,35.939999,36.169998,35.700001,35.73,12700,35.215393
"1402","AROW",2021-07-28,36.080002,36.09,35.740002,36.060001,13000,35.540646
"1403","AROW",2021-07-29,36.360001,36.360001,35.709999,36.150002,15100,35.629345
"1404","AROW",2021-07-30,36.080002,36.349998,35.98,36.049999,12700,35.530785
"1405","AROW",2021-08-02,35.880001,36.299999,35.549999,35.560001,20600,35.04784
"1406","AROW",2021-08-03,35.560001,36.150002,35.560001,36.080002,18100,35.560352
"1407","AROW",2021-08-04,35.73,36.200001,35.73,35.990002,8700,35.471653
"1408","AROW",2021-08-05,36.029999,36.150002,35.689999,35.790001,9400,35.274529
"1409","AROW",2021-08-06,35.830002,36.540001,35.830002,36.200001,32000,35.678627
"1410","AROW",2021-08-09,36,36.490002,35.990002,36.279999,17800,35.757473
"1411","AROW",2021-08-10,36.23,36.959999,36.23,36.740002,18200,36.210846
"1412","AROW",2021-08-11,36.689999,37.349998,36.610001,37.18,19000,36.644508
"1413","AROW",2021-08-12,36.889999,37.34,36.73,37,15100,36.467102
"1414","AROW",2021-08-13,37.220001,37.290001,37.040001,37.150002,8900,36.614944
"1415","AROW",2021-08-16,36.900002,37.009998,36.48,36.509998,14500,35.984158
"1416","AROW",2021-08-17,36.470001,37.189999,35.82,36.240002,19400,35.718048
"1417","AROW",2021-08-18,36.049999,37.209999,35.849998,35.91,18600,35.392803
"1418","AROW",2021-08-19,35.709999,37.27,35.709999,36.09,19000,35.57021
"1419","AROW",2021-08-20,35.860001,35.990002,35,35.330002,90500,34.821159
"1420","AROW",2021-08-23,35.25,35.93,35.25,35.779999,9300,35.264671
"1421","AROW",2021-08-24,35.759998,35.959999,35.139999,35.369999,16200,34.860577
"1422","AROW",2021-08-25,35.259998,35.790001,35.259998,35.5,15000,34.988705
"1423","AROW",2021-08-26,35.619999,35.889999,35.389999,35.599998,21100,35.087265
"1424","AROW",2021-08-27,35.599998,36.799999,35.599998,36.470001,21800,35.944736
"1425","AROW",2021-08-30,36.68,36.84,36.380001,36.450001,21700,35.925022
"1426","AROW",2021-08-31,36.459999,36.959999,36.389999,36.849998,30400,36.319263
"1427","AROW",2021-09-01,37,37.580002,36.119999,37.580002,28100,37.03875
"1428","AROW",2021-09-02,37.240002,37.470001,36.889999,37.02,13800,36.741009
"1429","AROW",2021-09-03,36.98,36.98,36.299999,36.509998,13800,36.234852
"1430","AROW",2021-09-07,36.490002,36.529999,36.099998,36.130001,15700,35.857716
"1431","AROW",2021-09-08,36.189999,36.349998,35.689999,35.91,19400,35.639374
"1432","AROW",2021-09-09,35.950001,36.09,35.619999,35.630001,26500,35.361485
"1433","AROW",2021-09-10,35.900002,35.900002,35.080002,35.080002,19800,34.815632
"1434","AROW",2021-09-13,35.41,36.259998,35.220001,35.75,20900,35.480579
"1435","AROW",2021-09-14,35.950001,36.18,35.279999,35.5,27100,35.232464
"1436","AROW",2021-09-15,35.700001,36.099998,35.43,35.669998,40600,35.40118
"1437","AROW",2021-09-16,34.790001,34.790001,33.73,33.77,38500,33.515503
"1438","AROW",2021-09-17,33.919998,34.490002,33.259998,34.450001,127200,34.190376
"1439","AROW",2021-09-20,33.77,33.77,32.900002,33.07,51200,32.820778
"1440","AROW",2021-09-21,33.41,33.41,32.73,32.790001,27300,32.542889
"1441","AROW",2021-09-22,33.130001,33.5,32.810001,33.009998,24100,32.761227
"1442","AROW",2021-09-23,33.169998,33.48,33.169998,33.43,24500,33.178062
"1443","AROW",2021-09-24,33.240002,33.98,33.240002,33.57,9500,33.317009
"1444","AROW",2021-09-27,33.57,35.240002,33.25,34.73,25500,34.468266
"1445","AROW",2021-09-28,34.66,34.75,34.099998,34.110001,21500,33.85294
"1446","AROW",2021-09-29,34.150002,35.349998,34.119999,35.029999,19000,34.766006
"1447","AROW",2021-09-30,35.080002,35.279999,34.349998,34.360001,14200,34.101055
"1448","AROW",2021-10-01,34.630001,35.880001,34.169998,35.490002,18700,35.222542
"1449","AROW",2021-10-04,35.400002,35.869999,34.950001,35.18,13600,34.914875
"1450","AROW",2021-10-05,35.5,35.5,35,35.200001,20100,34.934727
"1451","AROW",2021-10-06,34.93,35.25,34.860001,35.080002,16400,34.815632
"1452","AROW",2021-10-07,35.369999,35.889999,35.080002,35.759998,26400,35.490501
"1453","AROW",2021-10-08,35.869999,36.150002,35.779999,35.849998,9000,35.579826
"1454","AROW",2021-10-11,36,36,35.560001,35.799999,13500,35.530201
"1455","AROW",2021-10-12,35.709999,36.119999,35.41,35.790001,11700,35.520279
"1456","AROW",2021-10-13,35.91,35.959999,35.619999,35.740002,12600,35.470657
"1457","AROW",2021-10-14,36.119999,36.200001,35.740002,35.950001,12900,35.679073
"1458","AROW",2021-10-15,36.27,36.490002,35.720001,35.900002,24000,35.629452
"1459","AROW",2021-10-18,35.73,35.810001,35.549999,35.59,6900,35.321785
"1460","AROW",2021-10-19,35.919998,35.919998,35.330002,35.610001,9400,35.341637
"1461","AROW",2021-10-20,35.220001,36.16,35.220001,35.860001,21100,35.589752
"1462","AROW",2021-10-21,36,36,35.790001,35.900002,8100,35.629452
"1463","AROW",2021-10-22,36.060001,36.060001,35.5,35.700001,5400,35.430958
"1464","AROW",2021-10-25,36.150002,36.169998,35.380001,35.950001,13300,35.679073
"1465","AROW",2021-10-26,35.419998,36.040001,35.419998,35.700001,10500,35.430958
"1466","AROW",2021-10-27,35.529999,35.68,35.09,35.290001,9200,35.024048
"1467","AROW",2021-10-28,35.490002,35.869999,35.07,35.5,10700,35.232464
"1468","AROW",2021-10-29,35.619999,36.029999,35.27,35.849998,16600,35.579826
"1469","AROW",2021-11-01,35.509998,36.450001,35.509998,36.349998,14500,36.076057
"1470","AROW",2021-11-02,36.580002,36.790001,35.790001,36.189999,14000,35.917263
"1471","AROW",2021-11-03,35.959999,37.970001,35.959999,37.48,16900,37.19754
"1472","AROW",2021-11-04,37.77,37.77,36.48,36.75,12100,36.473045
"1473","AROW",2021-11-05,37.099998,38.240002,36.779999,37.900002,38900,37.61438
"1474","AROW",2021-11-08,37.830002,37.880001,37.029999,37.490002,11900,37.20747
"1475","AROW",2021-11-09,37.34,37.34,36.57,37.299999,12600,37.018898
"1476","AROW",2021-11-10,37.009998,37.439999,37.009998,37.110001,7800,36.83033
"1477","AROW",2021-11-11,37.490002,37.889999,37.369999,37.779999,8300,37.495281
"1478","AROW",2021-11-12,37.740002,37.740002,36.790001,36.790001,12500,36.512741
"1479","AROW",2021-11-15,37.07,37.400002,36.57,37.299999,10300,37.018898
"1480","AROW",2021-11-16,36.919998,37.209999,36.650002,36.849998,12800,36.572289
"1481","AROW",2021-11-17,36.75,36.75,36.009998,36.16,16600,35.887489
"1482","AROW",2021-11-18,35.880001,36.77,35.610001,36.73,23100,36.453194
"1483","AROW",2021-11-19,36.290001,36.66,36.029999,36.029999,9000,35.758469
"1484","AROW",2021-11-22,36.419998,37.060001,35.75,36.09,14800,35.818016
"1485","AROW",2021-11-23,36.43,37.5,36.369999,37.5,18900,37.217392
"1486","AROW",2021-11-24,37.060001,37.490002,36.689999,36.84,7700,36.562366
"1487","AROW",2021-11-26,36.060001,36.73,35.060001,35.380001,17500,35.113369
"1488","AROW",2021-11-29,36.110001,36.169998,34.860001,34.860001,14400,34.597286
"1489","AROW",2021-11-30,34.860001,35.560001,34.5,34.5,24300,34.240002
"1490","AROW",2021-12-01,35.150002,37.080002,34.209999,34.259998,17600,34.259998
"1491","AROW",2021-12-02,34.73,35.259998,34.630001,35.110001,13000,35.110001
"1492","AROW",2021-12-03,35.400002,35.400002,34.470001,35.009998,19200,35.009998
"1493","AROW",2021-12-06,35.110001,35.790001,34.5,35.419998,17100,35.419998
"1494","AROW",2021-12-07,35.66,35.810001,35.290001,35.5,7500,35.5
"1495","AROW",2021-12-08,35.34,35.98,35.060001,35.189999,8400,35.189999
"1496","AROW",2021-12-09,35.32,35.32,34.740002,34.740002,18600,34.740002
"1497","AROW",2021-12-10,34.740002,35.240002,34.349998,34.650002,7900,34.650002
"1498","AROW",2021-12-13,34.799999,35.029999,34.459999,34.610001,12900,34.610001
"1499","AROW",2021-12-14,34.240002,35.509998,34.209999,34.290001,46100,34.290001
"1500","AROW",2021-12-15,34.919998,36.119999,34.470001,36.119999,38000,36.119999
"1501","AROW",2021-12-16,36.18,36.950001,34.990002,35.759998,23800,35.759998
"1502","AROW",2021-12-17,35.900002,35.900002,34.900002,35.049999,39200,35.049999
"1503","AROW",2021-12-20,34.619999,34.68,33.75,34.439999,26900,34.439999
"1504","AROW",2021-12-21,34.93,35.299999,34.049999,34.900002,21200,34.900002
"1505","AROW",2021-12-22,34.709999,35.630001,34.419998,35.279999,14000,35.279999
"1506","AROW",2021-12-23,35.529999,36.09,34.91,35.23,14000,35.23
"1507","AROW",2021-12-27,35.75,35.75,35.02,35.490002,9100,35.490002
"1508","AROW",2021-12-28,35.400002,35.810001,35.259998,35.400002,10300,35.400002
"1509","AROW",2021-12-29,35.5,35.830002,34.799999,35.540001,7700,35.540001
"1510","AROW",2021-12-30,35.43,35.43,34.970001,34.970001,6900,34.970001
"1511","AROW",2021-12-31,35.209999,35.66,34.610001,35.23,14300,35.23
"1512","AROW",2022-01-03,35.169998,35.830002,35.169998,35.779999,17200,35.779999
"1513","AROW",2022-01-04,35.75,36.09,35.459999,35.610001,11900,35.610001
"1514","AROW",2022-01-05,35.639999,36.34,35.450001,35.66,18700,35.66
"1515","AROW",2022-01-06,35.68,36.880001,35.48,36.23,18100,36.23
"1516","AROW",2022-01-07,36.330002,36.990002,35.84,36.48,17200,36.48
"1517","AROW",2022-01-10,36.66,36.66,35.52,36,36000,36
"1518","AROW",2022-01-11,36,36,35.02,35.75,30600,35.75
"1519","AROW",2022-01-12,35.790001,36.09,35.02,35.639999,36500,35.639999
"1520","AROW",2022-01-13,35.790001,36.240002,35.509998,35.939999,43100,35.939999
"1521","AROW",2022-01-14,35.549999,36.669998,35.349998,36.279999,40100,36.279999
"1522","AROW",2022-01-18,36.099998,36.75,36.099998,36.150002,22000,36.150002
"1523","AROW",2022-01-19,36.27,36.490002,35.650002,35.82,30500,35.82
"1524","AROW",2022-01-20,35.84,35.869999,33.400002,33.700001,100600,33.700001
"1525","AROW",2022-01-21,33.470001,35.07,33.310001,34.619999,81500,34.619999
"1526","AROW",2022-01-24,34.25,36.560001,33.709999,36.450001,51300,36.450001
"1527","AROW",2022-01-25,36.189999,36.200001,35.150002,35.889999,25900,35.889999
"1528","AROW",2022-01-26,36.060001,36.529999,35.220001,35.830002,29100,35.830002
"1529","AROW",2022-01-27,35.779999,36.25,35.330002,35.389999,28300,35.389999
"1530","AROW",2022-01-28,35.099998,35.32,34.139999,34.959999,21100,34.959999
"1531","AROW",2022-01-31,34.900002,35.380001,34.75,35.380001,25000,35.380001
"1532","AROW",2022-02-01,35.360001,35.41,34.790001,35.209999,41800,35.209999
"1533","AROW",2022-02-02,35.240002,35.41,34.900002,35.119999,19900,35.119999
"1534","AROW",2022-02-03,35.119999,35.549999,35.009998,35.32,23200,35.32
"1535","AROW",2022-02-04,35.110001,35.799999,35.099998,35.619999,23500,35.619999
"1536","AROW",2022-02-07,35.509998,35.84,35.369999,35.610001,17000,35.610001
"1537","AROW",2022-02-08,35.57,35.990002,35.459999,35.939999,19700,35.939999
"1538","AROW",2022-02-09,36.049999,36.049999,35,35.209999,19500,35.209999
"1539","AROW",2022-02-10,35.240002,35.380001,34.810001,35.049999,23000,35.049999
"1540","AROW",2022-02-11,35.07,35.380001,34.740002,35.220001,13500,35.220001
"1541","AROW",2022-02-14,35.25,35.25,34.560001,34.860001,8600,34.860001
"1542","AROW",2022-02-15,35.189999,35.5,35.02,35.419998,12700,35.419998
"1543","AROW",2022-02-16,35.259998,35.75,34.849998,35.09,14800,35.09
"1544","AROW",2022-02-17,34.790001,35.080002,34.529999,34.860001,21900,34.860001
"1545","AROW",2022-02-18,34.759998,35.32,34.759998,35.02,21200,35.02
