"","symbol","date","open","high","low","close","volume","adjusted"
"1","HOFV",2018-03-13,9.7,9.7,9.7,9.7,7e+05,9.7
"2","HOFV",2018-03-14,9.71,9.71,9.7,9.71,86000,9.71
"3","HOFV",2018-03-15,9.71,9.71,9.71,9.71,43200,9.71
"4","HOFV",2018-03-16,9.71,9.71,9.71,9.71,0,9.71
"5","HOFV",2018-03-19,9.71,9.71,9.71,9.71,0,9.71
"6","HOFV",2018-03-20,9.76,9.76,9.76,9.76,2000,9.76
"7","HOFV",2018-03-21,9.77,9.77,9.77,9.77,5000,9.77
"8","HOFV",2018-03-22,9.77,9.77,9.77,9.77,0,9.77
"9","HOFV",2018-03-23,9.77,9.77,9.77,9.77,0,9.77
"10","HOFV",2018-03-26,9.73,9.73,9.71,9.71,125000,9.71
"11","HOFV",2018-03-27,9.73,9.73,9.71,9.71,125000,9.71
"12","HOFV",2018-03-28,9.71,9.71,9.71,9.71,0,9.71
"13","HOFV",2018-03-29,9.71,9.71,9.71,9.71,0,9.71
"14","HOFV",2018-04-02,9.71,9.71,9.71,9.71,0,9.71
"15","HOFV",2018-04-03,9.71,9.71,9.71,9.71,0,9.71
"16","HOFV",2018-04-04,9.71,9.71,9.71,9.71,0,9.71
"17","HOFV",2018-04-05,9.71,9.71,9.71,9.71,0,9.71
"18","HOFV",2018-04-06,9.71,9.71,9.71,9.71,0,9.71
"19","HOFV",2018-04-09,9.71,9.71,9.71,9.71,0,9.71
"20","HOFV",2018-04-10,9.71,9.71,9.71,9.71,0,9.71
"21","HOFV",2018-04-11,9.72,9.72,9.72,9.72,100,9.72
"22","HOFV",2018-04-12,9.72,9.72,9.72,9.72,1100,9.72
"23","HOFV",2018-04-13,9.72,9.72,9.72,9.72,0,9.72
"24","HOFV",2018-04-16,9.72,9.72,9.72,9.72,0,9.72
"25","HOFV",2018-04-17,9.72,9.72,9.72,9.72,0,9.72
"26","HOFV",2018-04-18,9.72,9.72,9.71,9.71,600,9.71
"27","HOFV",2018-04-19,9.71,9.71,9.71,9.71,0,9.71
"28","HOFV",2018-04-20,9.71,9.71,9.71,9.71,0,9.71
"29","HOFV",2018-04-23,9.71,9.71,9.71,9.71,0,9.71
"30","HOFV",2018-04-24,9.71,9.71,9.71,9.71,0,9.71
"31","HOFV",2018-04-25,9.71,9.71,9.71,9.71,0,9.71
"32","HOFV",2018-04-26,9.71,9.71,9.71,9.71,0,9.71
"33","HOFV",2018-04-27,9.71,9.71,9.71,9.71,0,9.71
"34","HOFV",2018-04-30,9.71,9.71,9.71,9.71,0,9.71
"35","HOFV",2018-05-01,9.71,9.71,9.71,9.71,0,9.71
"36","HOFV",2018-05-02,9.71,9.71,9.71,9.71,0,9.71
"37","HOFV",2018-05-03,9.71,9.71,9.71,9.71,0,9.71
"38","HOFV",2018-05-04,9.71,9.71,9.7,9.7,41400,9.7
"39","HOFV",2018-05-07,9.7,9.7,9.7,9.7,0,9.7
"40","HOFV",2018-05-08,9.7,9.7,9.7,9.7,0,9.7
"41","HOFV",2018-05-09,9.7,9.7,9.7,9.7,0,9.7
"42","HOFV",2018-05-10,9.71,9.71,9.71,9.71,1000,9.71
"43","HOFV",2018-05-11,9.72,9.72,9.71,9.71,2700,9.71
"44","HOFV",2018-05-14,9.71,9.71,9.71,9.71,0,9.71
"45","HOFV",2018-05-15,9.72,9.72,9.71,9.72,700,9.72
"46","HOFV",2018-05-16,9.73,9.73,9.73,9.73,68300,9.73
"47","HOFV",2018-05-17,9.72,9.72,9.71,9.71,6300,9.71
"48","HOFV",2018-05-18,9.71,9.71,9.71,9.71,0,9.71
"49","HOFV",2018-05-21,9.72,9.72,9.71,9.71,2000,9.71
"50","HOFV",2018-05-22,9.72,9.72,9.72,9.72,100,9.72
"51","HOFV",2018-05-23,9.72,9.72,9.72,9.72,100,9.72
"52","HOFV",2018-05-24,9.72,9.72,9.72,9.72,1000,9.72
"53","HOFV",2018-05-25,9.72,9.72,9.72,9.72,0,9.72
"54","HOFV",2018-05-29,9.72,9.72,9.72,9.72,0,9.72
"55","HOFV",2018-05-30,9.72,9.72,9.72,9.72,0,9.72
"56","HOFV",2018-05-31,9.75,9.75,9.72,9.72,2200,9.72
"57","HOFV",2018-06-01,9.75,9.753,9.72,9.731,6000,9.731
"58","HOFV",2018-06-04,9.731,9.731,9.731,9.731,0,9.731
"59","HOFV",2018-06-05,9.74,9.74,9.72,9.72,13500,9.72
"60","HOFV",2018-06-06,9.72,9.72,9.72,9.72,0,9.72
"61","HOFV",2018-06-07,9.72,9.72,9.72,9.72,0,9.72
"62","HOFV",2018-06-08,9.72,9.72,9.72,9.72,0,9.72
"63","HOFV",2018-06-11,9.72,9.72,9.72,9.72,0,9.72
"64","HOFV",2018-06-12,9.72,9.72,9.72,9.72,0,9.72
"65","HOFV",2018-06-13,9.72,9.72,9.72,9.72,0,9.72
"66","HOFV",2018-06-14,9.72,9.72,9.72,9.72,0,9.72
"67","HOFV",2018-06-15,9.72,9.72,9.72,9.72,0,9.72
"68","HOFV",2018-06-18,9.72,9.72,9.72,9.72,0,9.72
"69","HOFV",2018-06-19,9.72,9.72,9.72,9.72,0,9.72
"70","HOFV",2018-06-20,9.72,9.72,9.72,9.72,0,9.72
"71","HOFV",2018-06-21,9.72,9.72,9.72,9.72,0,9.72
"72","HOFV",2018-06-22,9.72,9.72,9.72,9.72,0,9.72
"73","HOFV",2018-06-25,9.72,9.72,9.72,9.72,0,9.72
"74","HOFV",2018-06-26,9.72,9.72,9.72,9.72,0,9.72
"75","HOFV",2018-06-27,9.72,9.72,9.72,9.72,0,9.72
"76","HOFV",2018-06-28,9.72,9.72,9.72,9.72,0,9.72
"77","HOFV",2018-06-29,9.72,9.72,9.72,9.72,600,9.72
"78","HOFV",2018-07-02,9.72,9.72,9.72,9.72,0,9.72
"79","HOFV",2018-07-03,9.72,9.72,9.72,9.72,0,9.72
"80","HOFV",2018-07-05,9.72,9.72,9.72,9.72,0,9.72
"81","HOFV",2018-07-06,9.75,9.75,9.75,9.75,1e+05,9.75
"82","HOFV",2018-07-09,9.75,9.75,9.75,9.75,1500,9.75
"83","HOFV",2018-07-10,9.78,9.78,9.77,9.77,107000,9.77
"84","HOFV",2018-07-11,9.77,9.84,9.77,9.84,264400,9.84
"85","HOFV",2018-07-12,9.84,9.84,9.84,9.84,0,9.84
"86","HOFV",2018-07-13,9.8,9.8,9.8,9.8,11000,9.8
"87","HOFV",2018-07-16,9.82,9.84,9.82,9.82,5400,9.82
"88","HOFV",2018-07-17,9.82,9.82,9.82,9.82,18500,9.82
"89","HOFV",2018-07-18,9.82,9.82,9.82,9.82,0,9.82
"90","HOFV",2018-07-19,9.829,9.829,9.829,9.829,100,9.829
"91","HOFV",2018-07-20,9.81,9.82,9.81,9.82,3200,9.82
"92","HOFV",2018-07-23,9.82,9.82,9.82,9.82,200,9.82
"93","HOFV",2018-07-24,9.82,9.82,9.82,9.82,0,9.82
"94","HOFV",2018-07-25,9.82,9.82,9.82,9.82,0,9.82
"95","HOFV",2018-07-26,9.8,9.84,9.8,9.84,100400,9.84
"96","HOFV",2018-07-27,9.82,9.82,9.82,9.82,1e+05,9.82
"97","HOFV",2018-07-30,9.82,9.82,9.82,9.82,0,9.82
"98","HOFV",2018-07-31,9.81,9.81,9.81,9.81,300,9.81
"99","HOFV",2018-08-01,9.81,9.81,9.81,9.81,50000,9.81
"100","HOFV",2018-08-02,9.84,9.84,9.8,9.8,16200,9.8
"101","HOFV",2018-08-03,9.81,9.81,9.81,9.81,40400,9.81
"102","HOFV",2018-08-06,9.81,9.81,9.81,9.81,100,9.81
"103","HOFV",2018-08-07,9.81,9.81,9.81,9.81,0,9.81
"104","HOFV",2018-08-08,9.81,9.81,9.81,9.81,0,9.81
"105","HOFV",2018-08-09,9.81,9.81,9.81,9.81,0,9.81
"106","HOFV",2018-08-10,9.81,9.81,9.8,9.8,110200,9.8
"107","HOFV",2018-08-13,9.8,9.8,9.8,9.8,0,9.8
"108","HOFV",2018-08-14,9.85,9.85,9.8,9.8,10500,9.8
"109","HOFV",2018-08-15,9.8,9.8,9.8,9.8,0,9.8
"110","HOFV",2018-08-16,9.8,9.8,9.8,9.8,0,9.8
"111","HOFV",2018-08-17,9.8,9.8,9.8,9.8,0,9.8
"112","HOFV",2018-08-20,9.8,9.8,9.8,9.8,0,9.8
"113","HOFV",2018-08-21,9.8,9.8,9.8,9.8,0,9.8
"114","HOFV",2018-08-22,9.8,9.8,9.8,9.8,0,9.8
"115","HOFV",2018-08-23,9.8,9.8,9.8,9.8,0,9.8
"116","HOFV",2018-08-24,9.8,9.8,9.8,9.8,0,9.8
"117","HOFV",2018-08-27,9.83,9.87,9.8,9.87,38700,9.87
"118","HOFV",2018-08-28,9.87,9.87,9.87,9.87,0,9.87
"119","HOFV",2018-08-29,9.87,9.87,9.87,9.87,0,9.87
"120","HOFV",2018-08-30,9.87,9.87,9.87,9.87,0,9.87
"121","HOFV",2018-08-31,9.87,9.87,9.87,9.87,0,9.87
"122","HOFV",2018-09-04,9.87,9.87,9.87,9.87,0,9.87
"123","HOFV",2018-09-05,9.87,9.87,9.87,9.87,0,9.87
"124","HOFV",2018-09-06,9.87,9.87,9.87,9.87,0,9.87
"125","HOFV",2018-09-07,9.87,9.87,9.87,9.87,0,9.87
"126","HOFV",2018-09-10,9.87,9.87,9.87,9.87,0,9.87
"127","HOFV",2018-09-11,9.87,9.87,9.87,9.87,0,9.87
"128","HOFV",2018-09-12,9.85,9.88,9.85,9.87,683300,9.87
"129","HOFV",2018-09-13,9.87,9.87,9.87,9.87,0,9.87
"130","HOFV",2018-09-14,9.85,9.85,9.85,9.85,2e+05,9.85
"131","HOFV",2018-09-17,9.85,9.9,9.85,9.9,104000,9.9
"132","HOFV",2018-09-18,9.853,9.87,9.85,9.86,51500,9.86
"133","HOFV",2018-09-19,9.87,9.87,9.87,9.87,308800,9.87
"134","HOFV",2018-09-20,9.87,9.87,9.87,9.87,0,9.87
"135","HOFV",2018-09-21,9.87,9.87,9.87,9.87,290000,9.87
"136","HOFV",2018-09-24,9.87,9.87,9.87,9.87,0,9.87
"137","HOFV",2018-09-25,9.87,9.87,9.85,9.86,162900,9.86
"138","HOFV",2018-09-26,9.86,9.86,9.86,9.86,0,9.86
"139","HOFV",2018-09-27,9.9,9.9,9.9,9.9,200,9.9
"140","HOFV",2018-09-28,9.9,9.9,9.9,9.9,0,9.9
"141","HOFV",2018-10-01,9.9,9.9,9.9,9.9,0,9.9
"142","HOFV",2018-10-02,9.9,9.9,9.9,9.9,0,9.9
"143","HOFV",2018-10-03,9.9,9.9,9.9,9.9,0,9.9
"144","HOFV",2018-10-04,9.9,9.9,9.9,9.9,0,9.9
"145","HOFV",2018-10-05,9.9,9.9,9.9,9.9,0,9.9
"146","HOFV",2018-10-08,9.85,9.9,9.85,9.9,1100,9.9
"147","HOFV",2018-10-09,9.9,9.9,9.9,9.9,0,9.9
"148","HOFV",2018-10-10,9.9,9.9,9.9,9.9,0,9.9
"149","HOFV",2018-10-11,9.9,9.9,9.9,9.9,0,9.9
"150","HOFV",2018-10-12,9.9,9.9,9.9,9.9,0,9.9
"151","HOFV",2018-10-15,9.9,9.9,9.9,9.9,1000,9.9
"152","HOFV",2018-10-16,9.9,9.9,9.9,9.9,0,9.9
"153","HOFV",2018-10-17,9.92,9.92,9.92,9.92,100,9.92
"154","HOFV",2018-10-18,9.92,9.92,9.92,9.92,0,9.92
"155","HOFV",2018-10-19,9.92,9.92,9.92,9.92,0,9.92
"156","HOFV",2018-10-22,9.92,9.92,9.92,9.92,0,9.92
"157","HOFV",2018-10-23,9.9,9.92,9.89,9.89,303000,9.89
"158","HOFV",2018-10-24,9.89,9.89,9.89,9.89,0,9.89
"159","HOFV",2018-10-25,9.89,9.89,9.89,9.89,0,9.89
"160","HOFV",2018-10-26,9.9,9.9,9.87,9.87,9400,9.87
"161","HOFV",2018-10-29,9.87,9.87,9.87,9.87,0,9.87
"162","HOFV",2018-10-30,9.9,9.9,9.9,9.9,1500,9.9
"163","HOFV",2018-10-31,9.9,9.9,9.9,9.9,0,9.9
"164","HOFV",2018-11-01,9.9,9.9,9.9,9.9,0,9.9
"165","HOFV",2018-11-02,9.86,9.866,9.85,9.866,4600,9.866
"166","HOFV",2018-11-05,9.86,9.86,9.86,9.86,6000,9.86
"167","HOFV",2018-11-06,9.88,9.91,9.88,9.91,56100,9.91
"168","HOFV",2018-11-07,9.89,9.92,9.89,9.92,63000,9.92
"169","HOFV",2018-11-08,9.92,9.92,9.92,9.92,0,9.92
"170","HOFV",2018-11-09,9.92,9.92,9.92,9.92,0,9.92
"171","HOFV",2018-11-12,9.94,9.95,9.94,9.95,6100,9.95
"172","HOFV",2018-11-13,9.95,9.95,9.95,9.95,0,9.95
"173","HOFV",2018-11-14,9.95,9.95,9.95,9.95,0,9.95
"174","HOFV",2018-11-15,9.95,9.95,9.9,9.93,3200,9.93
"175","HOFV",2018-11-16,9.95,9.95,9.95,9.95,1000,9.95
"176","HOFV",2018-11-19,9.95,9.95,9.95,9.95,0,9.95
"177","HOFV",2018-11-20,9.929,9.929,9.929,9.929,1700,9.929
"178","HOFV",2018-11-21,9.929,9.929,9.929,9.929,0,9.929
"179","HOFV",2018-11-23,9.97,9.97,9.97,9.97,1000,9.97
"180","HOFV",2018-11-26,9.97,9.97,9.97,9.97,5000,9.97
"181","HOFV",2018-11-27,9.97,9.97,9.97,9.97,100,9.97
"182","HOFV",2018-11-28,9.97,9.97,9.97,9.97,0,9.97
"183","HOFV",2018-11-29,9.97,9.97,9.97,9.97,0,9.97
"184","HOFV",2018-11-30,9.95,9.98,9.95,9.98,3800,9.98
"185","HOFV",2018-12-03,10,10,10,10,400,10
"186","HOFV",2018-12-04,10,10,10,10,0,10
"187","HOFV",2018-12-06,10,10,10,10,100,10
"188","HOFV",2018-12-07,9.966,9.98,9.966,9.98,2200,9.98
"189","HOFV",2018-12-10,9.95,9.95,9.95,9.95,150000,9.95
"190","HOFV",2018-12-11,9.95,9.95,9.95,9.95,0,9.95
"191","HOFV",2018-12-12,9.98,10,9.98,10,390100,10
"192","HOFV",2018-12-13,10.03,10.03,9.98,9.99,500,9.99
"193","HOFV",2018-12-14,9.99,9.99,9.99,9.99,0,9.99
"194","HOFV",2018-12-17,9.99,9.99,9.99,9.99,0,9.99
"195","HOFV",2018-12-18,9.99,9.99,9.99,9.99,0,9.99
"196","HOFV",2018-12-19,9.99,9.99,9.99,9.99,0,9.99
"197","HOFV",2018-12-20,9.9,9.9,9.9,9.9,700,9.9
"198","HOFV",2018-12-21,9.96,9.98,9.96,9.98,27600,9.98
"199","HOFV",2018-12-24,9.98,9.98,9.98,9.98,100,9.98
"200","HOFV",2018-12-26,10,10,10,10,19000,10
"201","HOFV",2018-12-27,10,10,10,10,0,10
"202","HOFV",2018-12-28,10,10,10,10,0,10
"203","HOFV",2018-12-31,10,10,10,10,100,10
"204","HOFV",2019-01-02,10,10,10,10,0,10
"205","HOFV",2019-01-03,10,10,10,10,0,10
"206","HOFV",2019-01-04,10,10,10,10,0,10
"207","HOFV",2019-01-07,10.013,10.05,10.01,10.05,9000,10.05
"208","HOFV",2019-01-08,10.03,10.05,10.02,10.05,13100,10.05
"209","HOFV",2019-01-09,10.05,10.05,10.05,10.05,100500,10.05
"210","HOFV",2019-01-10,10.05,10.055,10.05,10.05,17700,10.05
"211","HOFV",2019-01-11,10.06,10.06,10.06,10.06,6300,10.06
"212","HOFV",2019-01-14,10.06,10.06,10.06,10.06,0,10.06
"213","HOFV",2019-01-15,10.06,10.07,10.06,10.07,6100,10.07
"214","HOFV",2019-01-16,10.07,10.07,10.07,10.07,0,10.07
"215","HOFV",2019-01-17,10.07,10.07,10.07,10.07,0,10.07
"216","HOFV",2019-01-18,10.07,10.12,10.07,10.12,62100,10.12
"217","HOFV",2019-01-22,10.12,10.12,10.12,10.12,0,10.12
"218","HOFV",2019-01-23,10.12,10.12,10.12,10.12,0,10.12
"219","HOFV",2019-01-24,10.12,10.12,10.12,10.12,1e+05,10.12
"220","HOFV",2019-01-25,10.12,10.12,10.12,10.12,0,10.12
"221","HOFV",2019-01-28,10.14,10.15,10.13,10.15,60000,10.15
"222","HOFV",2019-01-29,10.15,10.15,10.15,10.15,0,10.15
"223","HOFV",2019-01-30,10.15,10.15,10.15,10.15,0,10.15
"224","HOFV",2019-01-31,10.15,10.15,10.15,10.15,0,10.15
"225","HOFV",2019-02-01,10.15,10.15,10.15,10.15,2000,10.15
"226","HOFV",2019-02-04,10.15,10.15,10.15,10.15,0,10.15
"227","HOFV",2019-02-05,10.1,10.18,10.1,10.18,50100,10.18
"228","HOFV",2019-02-06,10.18,10.18,10.18,10.18,0,10.18
"229","HOFV",2019-02-07,10.18,10.18,10.18,10.18,0,10.18
"230","HOFV",2019-02-08,10.18,10.18,10.18,10.18,0,10.18
"231","HOFV",2019-02-11,10.18,10.18,10.18,10.18,0,10.18
"232","HOFV",2019-02-12,10.18,10.18,10.18,10.18,0,10.18
"233","HOFV",2019-02-13,10.15,10.18,10.15,10.18,5500,10.18
"234","HOFV",2019-02-14,10.18,10.18,10.18,10.18,0,10.18
"235","HOFV",2019-02-15,10.18,10.18,10.18,10.18,0,10.18
"236","HOFV",2019-02-19,10.17,10.17,10.17,10.17,5000,10.17
"237","HOFV",2019-02-20,10.16,10.17,10.16,10.17,200100,10.17
"238","HOFV",2019-02-21,10.17,10.17,10.17,10.17,0,10.17
"239","HOFV",2019-02-22,10.17,10.17,10.17,10.17,0,10.17
"240","HOFV",2019-02-25,10.17,10.17,10.17,10.17,0,10.17
"241","HOFV",2019-02-26,10.17,10.17,10.17,10.17,100,10.17
"242","HOFV",2019-02-27,10.17,10.17,10.17,10.17,0,10.17
"243","HOFV",2019-02-28,10.17,10.17,10.17,10.17,0,10.17
"244","HOFV",2019-03-01,10.165,10.165,10.165,10.165,400,10.165
"245","HOFV",2019-03-04,10.15,10.18,10.15,10.18,301000,10.18
"246","HOFV",2019-03-05,10.177,10.18,10.177,10.18,100100,10.18
"247","HOFV",2019-03-06,10.18,10.18,10.18,10.18,0,10.18
"248","HOFV",2019-03-07,10.18,10.18,10.18,10.18,0,10.18
"249","HOFV",2019-03-08,10.164,10.18,10.164,10.18,1100,10.18
"250","HOFV",2019-03-11,10.179,10.445,10.164,10.23,81200,10.23
"251","HOFV",2019-03-12,10.19,10.21,10.19,10.21,4200,10.21
"252","HOFV",2019-03-13,10.21,10.21,10.21,10.21,0,10.21
"253","HOFV",2019-03-14,10.26,10.26,10.26,10.26,700,10.26
"254","HOFV",2019-03-15,10.26,10.26,10.26,10.26,300,10.26
"255","HOFV",2019-03-18,10.26,10.26,10.26,10.26,100,10.26
"256","HOFV",2019-03-19,10.21,10.24,10.21,10.22,176300,10.22
"257","HOFV",2019-03-20,10.24,10.24,10.22,10.22,30500,10.22
"258","HOFV",2019-03-21,10.22,10.22,10.21,10.21,67800,10.21
"259","HOFV",2019-03-22,10.2,10.21,10.2,10.21,1100,10.21
"260","HOFV",2019-03-25,10.21,10.21,10.21,10.21,0,10.21
"261","HOFV",2019-03-26,10.21,10.21,10.21,10.21,0,10.21
"262","HOFV",2019-03-27,10.21,10.21,10.21,10.21,0,10.21
"263","HOFV",2019-03-28,10.21,10.21,10.21,10.21,0,10.21
"264","HOFV",2019-03-29,10.21,10.21,10.21,10.21,0,10.21
"265","HOFV",2019-04-01,10.21,10.21,10.21,10.21,0,10.21
"266","HOFV",2019-04-02,10.2,10.22,10.2,10.22,86700,10.22
"267","HOFV",2019-04-03,10.22,10.22,10.22,10.22,0,10.22
"268","HOFV",2019-04-04,10.22,10.23,10.22,10.22,80900,10.22
"269","HOFV",2019-04-05,10.22,10.24,10.22,10.24,54800,10.24
"270","HOFV",2019-04-08,10.22,10.22,10.22,10.22,50100,10.22
"271","HOFV",2019-04-09,10.22,10.22,10.22,10.22,0,10.22
"272","HOFV",2019-04-10,10.22,10.22,10.22,10.22,0,10.22
"273","HOFV",2019-04-11,10.22,10.22,10.22,10.22,9100,10.22
"274","HOFV",2019-04-12,10.22,10.22,10.22,10.22,0,10.22
"275","HOFV",2019-04-15,10.24,10.29,10.23,10.23,160600,10.23
"276","HOFV",2019-04-16,10.25,10.25,10.25,10.25,10300,10.25
"277","HOFV",2019-04-17,10.25,10.25,10.25,10.25,0,10.25
"278","HOFV",2019-04-18,10.23,10.255,10.23,10.255,21000,10.255
"279","HOFV",2019-04-22,10.28,10.28,10.25,10.25,21400,10.25
"280","HOFV",2019-04-23,10.25,10.3,10.25,10.3,202100,10.3
"281","HOFV",2019-04-24,10.3,10.3,10.3,10.3,300,10.3
"282","HOFV",2019-04-25,10.266,10.268,10.25,10.268,4900,10.268
"283","HOFV",2019-04-26,10.285,10.285,10.25,10.275,5400,10.275
"284","HOFV",2019-04-29,10.29,10.3,10.25,10.25,8400,10.25
"285","HOFV",2019-04-30,10.25,10.25,10.25,10.25,0,10.25
"286","HOFV",2019-05-01,10.26,10.26,10.26,10.26,104200,10.26
"287","HOFV",2019-05-02,10.27,10.27,10.26,10.26,3900,10.26
"288","HOFV",2019-05-03,10.26,10.26,10.26,10.26,3000,10.26
"289","HOFV",2019-05-06,10.26,10.26,10.26,10.26,0,10.26
"290","HOFV",2019-05-07,10.26,10.26,10.26,10.26,5400,10.26
"291","HOFV",2019-05-08,10.26,10.26,10.26,10.26,120000,10.26
"292","HOFV",2019-05-09,10.26,10.266,10.25,10.25,4900,10.25
"293","HOFV",2019-05-10,10.27,10.279,10.27,10.279,1000,10.279
"294","HOFV",2019-05-13,10.25,10.25,10.25,10.25,500,10.25
"295","HOFV",2019-05-14,10.25,10.25,10.25,10.25,0,10.25
"296","HOFV",2019-05-15,10.25,10.25,10.25,10.25,300,10.25
"297","HOFV",2019-05-16,10.25,10.25,10.25,10.25,0,10.25
"298","HOFV",2019-05-17,10.25,10.25,10.25,10.25,0,10.25
"299","HOFV",2019-05-20,10.3,10.3,10.29,10.3,282400,10.3
"300","HOFV",2019-05-21,10.3,10.3,10.3,10.3,0,10.3
"301","HOFV",2019-05-22,10.29,10.29,10.29,10.29,250000,10.29
"302","HOFV",2019-05-23,10.3,10.3,10.265,10.3,1600,10.3
"303","HOFV",2019-05-24,10.262,10.29,10.262,10.29,9600,10.29
"304","HOFV",2019-05-28,10.282,10.305,10.27,10.305,4900,10.305
"305","HOFV",2019-05-29,10.3,10.35,10.29,10.29,226000,10.29
"306","HOFV",2019-05-30,10.346,10.38,10.28,10.28,35200,10.28
"307","HOFV",2019-05-31,10.28,10.32,10.28,10.28,605800,10.28
"308","HOFV",2019-06-03,10.28,10.28,10.28,10.28,0,10.28
"309","HOFV",2019-06-04,10.29,10.3,10.28,10.28,100200,10.28
"310","HOFV",2019-06-05,10.31,10.35,10.31,10.337,68500,10.337
"311","HOFV",2019-06-06,10.33,10.35,10.33,10.35,6100,10.35
"312","HOFV",2019-06-07,10.33,10.35,10.33,10.35,217700,10.35
"313","HOFV",2019-06-10,10.35,10.35,10.35,10.35,0,10.35
"314","HOFV",2019-06-11,10.35,10.35,10.35,10.35,0,10.35
"315","HOFV",2019-06-12,10.35,10.35,10.35,10.35,0,10.35
"316","HOFV",2019-06-13,10.34,10.35,10.34,10.35,145200,10.35
"317","HOFV",2019-06-14,10.35,10.35,10.34,10.35,86900,10.35
"318","HOFV",2019-06-17,10.35,10.35,10.35,10.35,0,10.35
"319","HOFV",2019-06-18,10.35,10.38,10.35,10.38,3700,10.38
"320","HOFV",2019-06-19,10.38,10.38,10.38,10.38,0,10.38
"321","HOFV",2019-06-20,10.35,10.35,10.34,10.34,10400,10.34
"322","HOFV",2019-06-21,10.35,10.37,10.34,10.355,42300,10.355
"323","HOFV",2019-06-24,10.355,10.355,10.355,10.355,0,10.355
"324","HOFV",2019-06-25,10.35,10.35,10.35,10.35,10000,10.35
"325","HOFV",2019-06-26,10.35,10.35,10.35,10.35,0,10.35
"326","HOFV",2019-06-27,10.35,10.35,10.35,10.35,0,10.35
"327","HOFV",2019-06-28,10.33,10.33,10.33,10.33,100,10.33
"328","HOFV",2019-07-01,10.33,10.33,10.33,10.33,10000,10.33
"329","HOFV",2019-07-02,10.33,10.33,10.33,10.33,100,10.33
"330","HOFV",2019-07-03,10.33,10.33,10.33,10.33,0,10.33
"331","HOFV",2019-07-05,10.33,10.33,10.33,10.33,0,10.33
"332","HOFV",2019-07-08,10.33,10.36,10.33,10.33,116600,10.33
"333","HOFV",2019-07-09,10.33,10.33,10.33,10.33,100,10.33
"334","HOFV",2019-07-10,10.33,10.33,10.33,10.33,100,10.33
"335","HOFV",2019-07-11,10.33,10.33,10.33,10.33,0,10.33
"336","HOFV",2019-07-12,10.33,10.33,10.33,10.33,0,10.33
"337","HOFV",2019-07-15,10.35,10.35,10.33,10.35,10300,10.35
"338","HOFV",2019-07-16,10.35,10.37,10.35,10.35,223100,10.35
"339","HOFV",2019-07-17,10.35,10.35,10.35,10.35,43700,10.35
"340","HOFV",2019-07-18,10.35,10.35,10.35,10.35,50900,10.35
"341","HOFV",2019-07-19,10.35,10.35,10.35,10.35,5000,10.35
"342","HOFV",2019-07-22,10.35,10.35,10.35,10.35,100,10.35
"343","HOFV",2019-07-23,10.36,10.382,10.36,10.382,1700,10.382
"344","HOFV",2019-07-24,10.36,10.36,10.36,10.36,1e+05,10.36
"345","HOFV",2019-07-25,10.36,10.36,10.36,10.36,0,10.36
"346","HOFV",2019-07-26,10.36,10.36,10.36,10.36,100,10.36
"347","HOFV",2019-07-29,10.36,10.36,10.36,10.36,100,10.36
"348","HOFV",2019-07-30,10.36,10.402,10.36,10.402,1000,10.402
"349","HOFV",2019-07-31,10.36,10.378,10.36,10.378,1200,10.378
"350","HOFV",2019-08-01,10.385,10.385,10.385,10.385,50000,10.385
"351","HOFV",2019-08-02,10.43,10.43,10.39,10.39,833000,10.39
"352","HOFV",2019-08-05,10.401,10.401,10.39,10.39,100100,10.39
"353","HOFV",2019-08-06,10.39,10.4,10.38,10.4,175400,10.4
"354","HOFV",2019-08-07,10.39,10.4,10.38,10.4,175400,10.4
"355","HOFV",2019-08-08,10.38,10.4,10.38,10.4,175400,10.4
"356","HOFV",2019-08-09,10.38,10.4,10.38,10.4,175400,10.4
"357","HOFV",2019-08-12,10.41,10.41,10.41,10.41,126000,10.41
"358","HOFV",2019-08-13,10.41,10.41,10.41,10.41,100,10.41
"359","HOFV",2019-08-14,10.4,10.41,10.4,10.41,125300,10.41
"360","HOFV",2019-08-15,10.4,10.41,10.4,10.41,125300,10.41
"361","HOFV",2019-08-16,10.41,10.41,10.41,10.41,0,10.41
"362","HOFV",2019-08-19,10.38,10.41,10.38,10.41,5100,10.41
"363","HOFV",2019-08-20,10.4,10.41,10.39,10.41,526900,10.41
"364","HOFV",2019-08-21,10.41,10.42,10.41,10.42,674800,10.42
"365","HOFV",2019-08-22,10.41,10.43,10.41,10.43,128700,10.43
"366","HOFV",2019-08-23,10.43,10.44,10.43,10.43,447300,10.43
"367","HOFV",2019-08-26,10.44,10.44,10.4,10.43,17200,10.43
"368","HOFV",2019-08-27,10.43,10.43,10.43,10.43,0,10.43
"369","HOFV",2019-08-28,10.4,10.43,10.4,10.43,60200,10.43
"370","HOFV",2019-08-29,10.41,10.43,10.41,10.43,100700,10.43
"371","HOFV",2019-08-30,10.43,10.43,10.4,10.43,9000,10.43
"372","HOFV",2019-09-03,10.43,10.43,10.43,10.43,0,10.43
"373","HOFV",2019-09-04,10.43,10.43,10.41,10.43,186300,10.43
"374","HOFV",2019-09-05,10.41,10.41,10.41,10.41,2000,10.41
"375","HOFV",2019-09-06,10.41,10.41,10.41,10.41,0,10.41
"376","HOFV",2019-09-09,10.3,10.41,10.3,10.41,400,10.41
"377","HOFV",2019-09-10,10.37,10.37,10.37,10.37,100,10.37
"378","HOFV",2019-09-11,10.38,10.42,10.34,10.34,4400,10.34
"379","HOFV",2019-09-12,10.42,10.42,10.38,10.38,3300,10.38
"380","HOFV",2019-09-13,10.38,10.38,10.38,10.38,0,10.38
"381","HOFV",2019-09-16,10.36,10.42,10.36,10.42,700,10.42
"382","HOFV",2019-09-17,10.42,10.45,10.39,10.45,50300,10.45
"383","HOFV",2019-09-18,10.45,10.45,10.45,10.45,0,10.45
"384","HOFV",2019-09-19,10.45,10.45,10.45,10.45,100,10.45
"385","HOFV",2019-09-20,10.41,10.41,10.41,10.41,2e+05,10.41
"386","HOFV",2019-09-23,10.41,10.41,10.41,10.41,100,10.41
"387","HOFV",2019-09-24,10.42,10.42,10.42,10.42,175000,10.42
"388","HOFV",2019-09-25,10.43,10.43,10.43,10.43,1700,10.43
"389","HOFV",2019-09-26,10.46,10.48,10.45,10.48,85200,10.48
"390","HOFV",2019-09-27,10.46,10.47,10.46,10.46,32200,10.46
"391","HOFV",2019-09-30,10.48,10.48,10.46,10.47,165900,10.47
"392","HOFV",2019-10-01,10.48,10.48,10.48,10.48,150800,10.48
"393","HOFV",2019-10-02,10.48,10.48,10.48,10.48,0,10.48
"394","HOFV",2019-10-03,10.47,10.48,10.46,10.47,83500,10.47
"395","HOFV",2019-10-04,10.455,10.48,10.455,10.48,1700,10.48
"396","HOFV",2019-10-07,10.46,10.48,10.46,10.48,4100,10.48
"397","HOFV",2019-10-08,10.48,10.48,10.48,10.48,34900,10.48
"398","HOFV",2019-10-09,10.49,10.49,10.49,10.49,1200,10.49
"399","HOFV",2019-10-10,10.49,10.49,10.47,10.49,4800,10.49
"400","HOFV",2019-10-11,10.45,10.49,10.35,10.49,9100,10.49
"401","HOFV",2019-10-14,10.49,10.49,10.49,10.49,100,10.49
"402","HOFV",2019-10-15,10.48,10.48,10.48,10.48,400,10.48
"403","HOFV",2019-10-16,10.48,10.48,10.48,10.48,100,10.48
"404","HOFV",2019-10-17,10.495,10.497,10.49,10.49,1000,10.49
"405","HOFV",2019-10-18,10.49,10.49,10.49,10.49,300,10.49
"406","HOFV",2019-10-21,10.49,10.803,10.49,10.49,9100,10.49
"407","HOFV",2019-10-22,10.49,10.49,10.49,10.49,10900,10.49
"408","HOFV",2019-10-23,10.49,10.5,10.39,10.49,17300,10.49
"409","HOFV",2019-10-24,10.49,10.5,10.475,10.49,22700,10.49
"410","HOFV",2019-10-25,10.5,10.5,10.49,10.496,9500,10.496
"411","HOFV",2019-10-28,10.49,10.5,10.49,10.5,8900,10.5
"412","HOFV",2019-10-29,10.47,10.49,10.47,10.49,2900,10.49
"413","HOFV",2019-10-30,10.49,10.49,10.48,10.49,11600,10.49
"414","HOFV",2019-10-31,10.49,10.49,10.49,10.49,1400,10.49
"415","HOFV",2019-11-01,10.49,10.49,10.49,10.49,100,10.49
"416","HOFV",2019-11-04,10.49,10.49,10.49,10.49,100,10.49
"417","HOFV",2019-11-05,10.49,10.49,10.49,10.49,0,10.49
"418","HOFV",2019-11-06,10.49,10.5,10.49,10.5,11800,10.5
"419","HOFV",2019-11-07,10.49,10.49,10.49,10.49,200,10.49
"420","HOFV",2019-11-08,10.49,10.52,10.47,10.47,2200,10.47
"421","HOFV",2019-11-11,10.47,10.47,10.47,10.47,100,10.47
"422","HOFV",2019-11-12,10.51,10.51,10.48,10.48,3200,10.48
"423","HOFV",2019-11-13,10.49,10.49,10.49,10.49,150000,10.49
"424","HOFV",2019-11-14,10.49,10.49,10.48,10.48,50500,10.48
"425","HOFV",2019-11-15,10.49,10.49,10.48,10.48,75900,10.48
"426","HOFV",2019-11-18,10.5,10.52,10.49,10.52,15100,10.52
"427","HOFV",2019-11-19,10.473,10.52,10.473,10.52,600,10.52
"428","HOFV",2019-11-20,10.52,10.52,10.52,10.52,0,10.52
"429","HOFV",2019-11-21,10.52,10.52,10.52,10.52,0,10.52
"430","HOFV",2019-11-22,10.52,10.52,10.52,10.52,100,10.52
"431","HOFV",2019-11-25,10.52,10.52,10.52,10.52,0,10.52
"432","HOFV",2019-11-26,10.52,10.52,10.52,10.52,0,10.52
"433","HOFV",2019-11-27,10.52,10.52,10.52,10.52,0,10.52
"434","HOFV",2019-11-29,10.51,10.52,10.51,10.52,6400,10.52
"435","HOFV",2019-12-02,10.52,10.52,10.52,10.52,0,10.52
"436","HOFV",2019-12-03,10.53,10.53,10.53,10.53,4000,10.53
"437","HOFV",2019-12-04,10.53,10.53,10.53,10.53,0,10.53
"438","HOFV",2019-12-05,10.52,10.52,10.52,10.52,50100,10.52
"439","HOFV",2019-12-06,10.52,10.52,10.52,10.52,0,10.52
"440","HOFV",2019-12-09,10.55,10.55,10.53,10.55,10000,10.55
"441","HOFV",2019-12-10,10.5,10.55,10.5,10.55,2100,10.55
"442","HOFV",2019-12-11,10.55,10.55,10.55,10.55,0,10.55
"443","HOFV",2019-12-12,10.55,10.55,10.55,10.55,0,10.55
"444","HOFV",2019-12-13,10.55,10.55,10.55,10.55,0,10.55
"445","HOFV",2019-12-16,10.53,10.55,10.53,10.55,102000,10.55
"446","HOFV",2019-12-17,10.53,10.53,10.53,10.53,100,10.53
"447","HOFV",2019-12-18,10.53,10.55,10.53,10.55,55800,10.55
"448","HOFV",2019-12-19,10.55,10.55,10.55,10.55,0,10.55
"449","HOFV",2019-12-20,10.55,10.55,10.55,10.55,0,10.55
"450","HOFV",2019-12-23,10.553,10.553,10.53,10.53,3800,10.53
"451","HOFV",2019-12-24,10.53,10.53,10.53,10.53,0,10.53
"452","HOFV",2019-12-26,10.53,10.55,10.53,10.55,3300,10.55
"453","HOFV",2019-12-27,10.55,10.55,10.55,10.55,0,10.55
"454","HOFV",2019-12-30,10.55,10.55,10.55,10.55,2600,10.55
"455","HOFV",2019-12-31,10.59,10.59,10.59,10.59,100,10.59
"456","HOFV",2020-01-02,10.56,10.57,10.53,10.53,252100,10.53
"457","HOFV",2020-01-03,10.53,10.53,10.53,10.53,0,10.53
"458","HOFV",2020-01-06,10.55,10.59,10.55,10.56,304900,10.56
"459","HOFV",2020-01-07,10.56,10.56,10.56,10.56,100,10.56
"460","HOFV",2020-01-08,10.56,10.56,10.56,10.56,0,10.56
"461","HOFV",2020-01-09,10.56,10.56,10.56,10.56,0,10.56
"462","HOFV",2020-01-10,10.56,10.56,10.56,10.56,0,10.56
"463","HOFV",2020-01-13,10.56,10.56,10.56,10.56,0,10.56
"464","HOFV",2020-01-14,10.574,10.574,10.56,10.56,1200,10.56
"465","HOFV",2020-01-15,10.806,10.806,10.56,10.59,1300,10.59
"466","HOFV",2020-01-16,10.59,10.59,10.59,10.59,0,10.59
"467","HOFV",2020-01-17,10.59,10.59,10.59,10.59,0,10.59
"468","HOFV",2020-01-21,10.58,10.58,10.58,10.58,100,10.58
"469","HOFV",2020-01-22,10.58,10.58,10.58,10.58,0,10.58
"470","HOFV",2020-01-23,10.58,10.58,10.58,10.58,0,10.58
"471","HOFV",2020-01-24,10.562,10.65,10.562,10.65,2900,10.65
"472","HOFV",2020-01-27,10.64,10.65,10.64,10.65,7000,10.65
"473","HOFV",2020-01-28,10.64,10.64,10.64,10.64,114700,10.64
"474","HOFV",2020-01-29,10.64,10.64,10.64,10.64,0,10.64
"475","HOFV",2020-01-30,10.64,10.64,10.64,10.64,0,10.64
"476","HOFV",2020-01-31,10.65,10.65,10.6,10.6,78100,10.6
"477","HOFV",2020-02-03,10.63,10.63,10.63,10.63,200,10.63
"478","HOFV",2020-02-04,10.62,10.64,10.62,10.63,966900,10.63
"479","HOFV",2020-02-05,10.65,10.68,10.65,10.65,5500,10.65
"480","HOFV",2020-02-06,10.53,10.53,10.53,10.53,300,10.53
"481","HOFV",2020-02-07,10.53,10.53,10.53,10.53,0,10.53
"482","HOFV",2020-02-10,10.53,10.53,10.53,10.53,0,10.53
"483","HOFV",2020-02-11,10.69,10.69,10.69,10.69,300,10.69
"484","HOFV",2020-02-12,10.69,10.69,10.69,10.69,0,10.69
"485","HOFV",2020-02-13,10.69,10.69,10.69,10.69,0,10.69
"486","HOFV",2020-02-14,10.615,10.646,10.615,10.644,1500,10.644
"487","HOFV",2020-02-18,10.62,10.661,10.62,10.661,1800,10.661
"488","HOFV",2020-02-19,10.633,10.663,10.633,10.663,1300,10.663
"489","HOFV",2020-02-20,10.155,10.56,10.155,10.56,200,10.56
"490","HOFV",2020-02-21,10.56,10.56,10.56,10.56,0,10.56
"491","HOFV",2020-02-24,10.629,10.67,10.6,10.6,4300,10.6
"492","HOFV",2020-02-25,10.632,10.632,10.605,10.63,5600,10.63
"493","HOFV",2020-02-26,10.64,10.64,10.58,10.58,10200,10.58
"494","HOFV",2020-02-27,10.58,10.58,10.58,10.58,2000,10.58
"495","HOFV",2020-02-28,10.58,10.61,10.56,10.6,197700,10.6
"496","HOFV",2020-03-02,10.6,10.62,10.6,10.62,150300,10.62
"497","HOFV",2020-03-03,10.665,10.665,10.65,10.65,1500,10.65
"498","HOFV",2020-03-04,10.65,10.65,10.65,10.65,0,10.65
"499","HOFV",2020-03-05,10.64,10.64,10.64,10.64,200,10.64
"500","HOFV",2020-03-06,10.687,10.7,10.6,10.6,5400,10.6
"501","HOFV",2020-03-09,10.553,10.625,10.4,10.603,36100,10.603
"502","HOFV",2020-03-10,10.603,10.603,10.603,10.603,0,10.603
"503","HOFV",2020-03-11,10.65,10.683,10.63,10.63,105500,10.63
"504","HOFV",2020-03-12,10.6,10.6,10.4,10.452,2900,10.452
"505","HOFV",2020-03-13,10.452,10.452,10.452,10.452,0,10.452
"506","HOFV",2020-03-16,10.5,10.5,10.5,10.5,200,10.5
"507","HOFV",2020-03-17,10.5,10.5,10.5,10.5,0,10.5
"508","HOFV",2020-03-18,10.46,10.543,10.46,10.501,5600,10.501
"509","HOFV",2020-03-19,10.348,10.5,10.348,10.375,6700,10.375
"510","HOFV",2020-03-20,10.375,10.375,10.375,10.375,0,10.375
"511","HOFV",2020-03-23,10.225,10.225,10.225,10.225,100,10.225
"512","HOFV",2020-03-24,10.65,10.65,10.599,10.599,200,10.599
"513","HOFV",2020-03-25,10.599,10.599,10.599,10.599,0,10.599
"514","HOFV",2020-03-26,10.599,10.599,10.599,10.599,0,10.599
"515","HOFV",2020-03-27,10.15,10.15,10.15,10.15,100,10.15
"516","HOFV",2020-03-30,10.15,10.15,10.15,10.15,0,10.15
"517","HOFV",2020-03-31,10.15,10.15,10.15,10.15,0,10.15
"518","HOFV",2020-04-01,10.15,10.15,10.15,10.15,0,10.15
"519","HOFV",2020-04-02,10.61,10.72,10.61,10.72,1600,10.72
"520","HOFV",2020-04-03,10.705,10.705,10.705,10.705,100,10.705
"521","HOFV",2020-04-06,10.67,10.67,10.67,10.67,600,10.67
"522","HOFV",2020-04-07,10.61,10.72,10.61,10.72,6100,10.72
"523","HOFV",2020-04-08,10.72,10.72,10.7,10.7,2800,10.7
"524","HOFV",2020-04-09,10.72,10.72,10.67,10.67,1600,10.67
"525","HOFV",2020-04-13,10.72,10.74,10.72,10.74,12300,10.74
"526","HOFV",2020-04-14,10.946,10.946,10.75,10.77,2700,10.77
"527","HOFV",2020-04-15,10.77,10.77,10.77,10.77,0,10.77
"528","HOFV",2020-04-16,11.023,11.023,10.75,10.804,1800,10.804
"529","HOFV",2020-04-17,10.77,10.824,10.75,10.75,1600,10.75
"530","HOFV",2020-04-20,10.75,10.804,10.75,10.804,1000,10.804
"531","HOFV",2020-04-21,10.75,10.804,10.75,10.804,1600,10.804
"532","HOFV",2020-04-22,10.755,11.25,10.755,11,1300,11
"533","HOFV",2020-04-23,11.24,11.25,11.24,11.25,2000,11.25
"534","HOFV",2020-04-24,11,11.25,11,11,2200,11
"535","HOFV",2020-04-27,10.885,11,10.775,10.775,4100,10.775
"536","HOFV",2020-04-28,10.742,10.742,10.73,10.73,200,10.73
"537","HOFV",2020-04-29,10.6,10.68,10.6,10.67,1200,10.67
"538","HOFV",2020-04-30,10.67,10.67,10.67,10.67,0,10.67
"539","HOFV",2020-05-01,10.67,10.67,10.67,10.67,0,10.67
"540","HOFV",2020-05-04,10.67,10.67,10.67,10.67,0,10.67
"541","HOFV",2020-05-05,10.67,10.67,10.67,10.67,0,10.67
"542","HOFV",2020-05-06,10.67,10.67,10.67,10.67,0,10.67
"543","HOFV",2020-05-07,10.67,10.67,10.67,10.67,0,10.67
"544","HOFV",2020-05-08,10.67,10.67,10.67,10.67,0,10.67
"545","HOFV",2020-05-11,10.96,10.96,10.96,10.96,200,10.96
"546","HOFV",2020-05-12,10.96,10.96,10.96,10.96,0,10.96
"547","HOFV",2020-05-13,10.96,10.96,10.96,10.96,0,10.96
"548","HOFV",2020-05-14,10.96,10.96,10.96,10.96,0,10.96
"549","HOFV",2020-05-15,10.96,10.96,10.96,10.96,0,10.96
"550","HOFV",2020-05-18,10.96,10.96,10.96,10.96,0,10.96
"551","HOFV",2020-05-19,10.96,10.96,10.96,10.96,0,10.96
"552","HOFV",2020-05-20,10.95,11.05,10.95,11,800,11
"553","HOFV",2020-05-21,11,11,11,11,0,11
"554","HOFV",2020-05-22,11,11,11,11,0,11
"555","HOFV",2020-05-26,11,11,11,11,0,11
"556","HOFV",2020-05-27,11,11,11,11,0,11
"557","HOFV",2020-05-28,11,11,11,11,0,11
"558","HOFV",2020-05-29,10.7,10.9,10.7,10.9,400,10.9
"559","HOFV",2020-06-01,10.992,11.09,10.85,10.9,17000,10.9
"560","HOFV",2020-06-02,10.85,10.99,10.85,10.99,500,10.99
"561","HOFV",2020-06-03,11.4,11.4,10.64,10.779,1900,10.779
"562","HOFV",2020-06-04,10.8,10.8,10.8,10.8,400,10.8
"563","HOFV",2020-06-05,10.79,11.08,10.6,10.95,70400,10.95
"564","HOFV",2020-06-08,11.76,11.89,10.885,10.95,39600,10.95
"565","HOFV",2020-06-09,11.6,11.85,10.86,10.95,58000,10.95
"566","HOFV",2020-06-10,11.35,14.1,11.099,12,695500,12
"567","HOFV",2020-06-11,12,12,11,11.15,261000,11.15
"568","HOFV",2020-06-12,11.58,11.75,10.95,11.1,1820000,11.1
"569","HOFV",2020-06-15,11.46,11.5,11.08,11.2,1114300,11.2
"570","HOFV",2020-06-16,11.65,12.13,10.95,11.72,870900,11.72
"571","HOFV",2020-06-17,12.3,14.44,11.91,14.2,1975600,14.2
"572","HOFV",2020-06-18,13.83,14.26,12.77,13.05,638200,13.05
"573","HOFV",2020-06-19,13.33,13.33,11.24,12.32,451400,12.32
"574","HOFV",2020-06-22,11.96,12.89,11.37,11.95,517600,11.95
"575","HOFV",2020-06-23,12.28,12.28,11.6,11.7,277400,11.7
"576","HOFV",2020-06-24,12,12.4,11.36,11.55,376700,11.55
"577","HOFV",2020-06-25,11.4,11.45,11.06,11.25,287200,11.25
"578","HOFV",2020-06-26,11.65,12.16,10.95,11.85,459200,11.85
"579","HOFV",2020-06-29,12.55,13.55,12.1,13.2,689300,13.2
"580","HOFV",2020-06-30,13.91,14.7,12.3,12.85,1089900,12.85
"581","HOFV",2020-07-01,12.3,12.7,11.75,12,429000,12
"582","HOFV",2020-07-02,10.74,12.31,8.51,9.295,976500,9.295
"583","HOFV",2020-07-06,9.65,9.94,7.4,7.84,850900,7.84
"584","HOFV",2020-07-07,7.03,7.48,6.69,6.76,455400,6.76
"585","HOFV",2020-07-08,6.99,8.72,5.85,8.395,2275800,8.395
"586","HOFV",2020-07-09,7.79,8.2,7.15,7.35,542000,7.35
"587","HOFV",2020-07-10,7.15,7.265,6.4,6.45,533300,6.45
"588","HOFV",2020-07-13,6.3,6.35,5.34,5.36,727800,5.36
"589","HOFV",2020-07-14,5.5,5.86,5.07,5.55,715500,5.55
"590","HOFV",2020-07-15,5.67,5.89,5.26,5.71,407100,5.71
"591","HOFV",2020-07-16,5.55,5.7,5.44,5.57,220600,5.57
"592","HOFV",2020-07-17,5.55,5.64,5.192,5.6,193400,5.6
"593","HOFV",2020-07-20,5.68,7.1,5.35,6.6,1447600,6.6
"594","HOFV",2020-07-21,6.58,6.63,6,6.05,451600,6.05
"595","HOFV",2020-07-22,6.08,6.08,5.52,5.62,257300,5.62
"596","HOFV",2020-07-23,6.21,6.21,5.3,5.5,243800,5.5
"597","HOFV",2020-07-24,5.39,5.49,5.2,5.44,119300,5.44
"598","HOFV",2020-07-27,5.75,6.15,5.5,5.72,620700,5.72
"599","HOFV",2020-07-28,5.7,5.94,5.4,5.585,259700,5.585
"600","HOFV",2020-07-29,5.58,5.71,5.25,5.56,245800,5.56
"601","HOFV",2020-07-30,5.45,5.55,5.25,5.3,215500,5.3
"602","HOFV",2020-07-31,5.29,5.44,5.11,5.44,249300,5.44
"603","HOFV",2020-08-03,5.39,5.42,5.11,5.25,130000,5.25
"604","HOFV",2020-08-04,5.25,5.58,5.2,5.3,126100,5.3
"605","HOFV",2020-08-05,5.37,5.41,5.25,5.32,52400,5.32
"606","HOFV",2020-08-06,5.9,6.25,5.4,5.65,1174500,5.65
"607","HOFV",2020-08-07,5.5,5.87,5.36,5.67,135500,5.67
"608","HOFV",2020-08-10,5.6,5.6,5.07,5.3,318400,5.3
"609","HOFV",2020-08-11,5.49,5.49,5.06,5.08,349900,5.08
"610","HOFV",2020-08-12,5.095,5.2,4.1,4.1,617100,4.1
"611","HOFV",2020-08-13,4.31,4.49,4.3,4.44,235400,4.44
"612","HOFV",2020-08-14,4.43,4.43,4.22,4.28,121300,4.28
"613","HOFV",2020-08-17,4.41,4.41,4.08,4.16,216000,4.16
"614","HOFV",2020-08-18,4.15,4.26,4.14,4.18,131100,4.18
"615","HOFV",2020-08-19,4.17,4.498,4.1,4.34,515300,4.34
"616","HOFV",2020-08-20,4.4,4.72,4.23,4.45,425100,4.45
"617","HOFV",2020-08-21,4.53,4.68,4.35,4.44,202900,4.44
"618","HOFV",2020-08-24,4.45,4.58,4.21,4.29,247200,4.29
"619","HOFV",2020-08-25,4.3,4.92,4.22,4.89,674700,4.89
"620","HOFV",2020-08-26,4.84,5.04,4.44,4.47,259900,4.47
"621","HOFV",2020-08-27,4.44,4.64,4.25,4.43,165500,4.43
"622","HOFV",2020-08-28,4.43,4.68,4.39,4.45,115000,4.45
"623","HOFV",2020-08-31,4.42,4.44,4.23,4.33,104100,4.33
"624","HOFV",2020-09-01,4.26,4.32,4.11,4.17,153100,4.17
"625","HOFV",2020-09-02,4.16,4.268,4.05,4.14,291100,4.14
"626","HOFV",2020-09-03,4.11,4.19,3.76,4.01,228500,4.01
"627","HOFV",2020-09-04,4.03,4.05,3.58,3.86,238200,3.86
"628","HOFV",2020-09-08,3.86,3.995,3.71,3.75,159100,3.75
"629","HOFV",2020-09-09,3.93,4.8,3.8,4.59,1135500,4.59
"630","HOFV",2020-09-10,4.59,4.71,4.105,4.27,351200,4.27
"631","HOFV",2020-09-11,4.15,4.39,4.12,4.275,160600,4.275
"632","HOFV",2020-09-14,4.25,4.28,3.96,4.03,222600,4.03
"633","HOFV",2020-09-15,4.08,4.08,3.815,3.91,176400,3.91
"634","HOFV",2020-09-16,3.82,3.85,3.565,3.65,407200,3.65
"635","HOFV",2020-09-17,3.66,3.79,3.6,3.65,288200,3.65
"636","HOFV",2020-09-18,3.69,3.87,3.59,3.59,276600,3.59
"637","HOFV",2020-09-21,3.54,3.58,3.14,3.14,347600,3.14
"638","HOFV",2020-09-22,3.15,3.21,2.72,2.8,669900,2.8
"639","HOFV",2020-09-23,2.68,2.69,2.385,2.56,549000,2.56
"640","HOFV",2020-09-24,2.62,2.89,2.48,2.53,489500,2.53
"641","HOFV",2020-09-25,2.5,2.62,2.5,2.55,111000,2.55
"642","HOFV",2020-09-28,2.66,2.66,2.52,2.59,111400,2.59
"643","HOFV",2020-09-29,2.61,2.64,2.42,2.52,108300,2.52
"644","HOFV",2020-09-30,2.38,2.53,2.31,2.49,162400,2.49
"645","HOFV",2020-10-01,2.36,2.45,2.24,2.29,299400,2.29
"646","HOFV",2020-10-02,2.1,2.2,2.05,2.08,179600,2.08
"647","HOFV",2020-10-05,2.14,2.179,1.97,2.1,216000,2.1
"648","HOFV",2020-10-06,2.1,2.19,2,2.12,102500,2.12
"649","HOFV",2020-10-07,2.15,2.58,2.12,2.46,680800,2.46
"650","HOFV",2020-10-08,2.45,2.45,2.2,2.28,188400,2.28
"651","HOFV",2020-10-09,2.38,2.59,2.28,2.4,245100,2.4
"652","HOFV",2020-10-12,2.55,2.55,2.36,2.39,66800,2.39
"653","HOFV",2020-10-13,2.581,2.581,2.31,2.4,74000,2.4
"654","HOFV",2020-10-14,2.4,2.5,2.36,2.46,69400,2.46
"655","HOFV",2020-10-15,2.54,2.54,2.36,2.37,71700,2.37
"656","HOFV",2020-10-16,2.39,2.469,2.39,2.4,27000,2.4
"657","HOFV",2020-10-19,2.39,2.39,2.18,2.21,99700,2.21
"658","HOFV",2020-10-20,2.199,2.35,2.17,2.2,54700,2.2
"659","HOFV",2020-10-21,2.2,2.2,2.09,2.1,40800,2.1
"660","HOFV",2020-10-22,2.12,2.12,2.02,2.1,80400,2.1
"661","HOFV",2020-10-23,2.1,2.149,2.06,2.06,40300,2.06
"662","HOFV",2020-10-26,2.14,2.175,1.96,2.02,177600,2.02
"663","HOFV",2020-10-27,1.96,2.05,1.84,2.03,146300,2.03
"664","HOFV",2020-10-28,2.04,2.05,1.9,1.92,93200,1.92
"665","HOFV",2020-10-29,1.95,1.95,1.816,1.94,68900,1.94
"666","HOFV",2020-10-30,1.94,1.94,1.76,1.91,151500,1.91
"667","HOFV",2020-11-02,1.88,1.9,1.81,1.81,188700,1.81
"668","HOFV",2020-11-03,1.84,1.908,1.83,1.88,65100,1.88
"669","HOFV",2020-11-04,1.92,1.928,1.8,1.9,70700,1.9
"670","HOFV",2020-11-05,3.04,6.45,2.96,3.41,94156500,3.41
"671","HOFV",2020-11-06,2.85,3.1,2.52,2.66,3469600,2.66
"672","HOFV",2020-11-09,2.88,2.92,2.164,2.29,1547000,2.29
"673","HOFV",2020-11-10,2.2,2.46,2.06,2.3,1195900,2.3
"674","HOFV",2020-11-11,2.26,2.3,2.14,2.27,572000,2.27
"675","HOFV",2020-11-12,2.22,2.49,2,2.04,1640500,2.04
"676","HOFV",2020-11-13,3.075,3.27,2.33,2.49,21146600,2.49
"677","HOFV",2020-11-16,1.15,1.18,1.09,1.15,31190500,1.15
"678","HOFV",2020-11-17,1.18,1.19,1.16,1.17,4799600,1.17
"679","HOFV",2020-11-18,1.19,1.28,1.17,1.22,5893600,1.22
"680","HOFV",2020-11-19,1.25,1.3,1.22,1.27,3251700,1.27
"681","HOFV",2020-11-20,1.28,1.4,1.21,1.35,8059300,1.35
"682","HOFV",2020-11-23,1.38,1.4,1.3,1.39,4504800,1.39
"683","HOFV",2020-11-24,1.39,1.4,1.33,1.37,3553300,1.37
"684","HOFV",2020-11-25,1.36,1.36,1.17,1.32,3236400,1.32
"685","HOFV",2020-11-27,1.35,1.39,1.32,1.34,1759200,1.34
"686","HOFV",2020-11-30,1.36,1.59,1.33,1.46,6678800,1.46
"687","HOFV",2020-12-01,1.45,1.5,1.36,1.38,2359200,1.38
"688","HOFV",2020-12-02,1.42,1.43,1.353,1.42,2399100,1.42
"689","HOFV",2020-12-03,1.45,1.47,1.383,1.45,1590900,1.45
"690","HOFV",2020-12-04,1.46,1.46,1.39,1.42,1444900,1.42
"691","HOFV",2020-12-07,1.45,1.45,1.39,1.45,1211700,1.45
"692","HOFV",2020-12-08,1.43,1.45,1.38,1.42,1432100,1.42
"693","HOFV",2020-12-09,1.42,1.43,1.35,1.41,1415300,1.41
"694","HOFV",2020-12-10,1.37,1.4,1.35,1.38,902400,1.38
"695","HOFV",2020-12-11,1.38,1.39,1.36,1.38,719100,1.38
"696","HOFV",2020-12-14,1.34,1.4,1.34,1.36,1189000,1.36
"697","HOFV",2020-12-15,1.4,1.43,1.35,1.37,1572000,1.37
"698","HOFV",2020-12-16,1.36,1.39,1.36,1.39,826200,1.39
"699","HOFV",2020-12-17,1.38,1.39,1.36,1.37,1021800,1.37
"700","HOFV",2020-12-18,1.36,1.366,1.29,1.29,1835400,1.29
"701","HOFV",2020-12-21,1.3,1.34,1.25,1.33,1576300,1.33
"702","HOFV",2020-12-22,1.31,1.36,1.3,1.33,949400,1.33
"703","HOFV",2020-12-23,1.3,1.35,1.29,1.33,1052300,1.33
"704","HOFV",2020-12-24,1.32,1.32,1.28,1.3,635700,1.3
"705","HOFV",2020-12-28,1.31,1.32,1.26,1.29,1123400,1.29
"706","HOFV",2020-12-29,1.28,1.29,1.23,1.24,939900,1.24
"707","HOFV",2020-12-30,1.25,1.28,1.23,1.24,722800,1.24
"708","HOFV",2020-12-31,1.25,1.26,1.22,1.23,5105400,1.23
"709","HOFV",2021-01-04,1.54,1.7,1.41,1.68,15739700,1.68
"710","HOFV",2021-01-05,1.545,1.64,1.47,1.53,3378400,1.53
"711","HOFV",2021-01-06,1.54,1.55,1.411,1.44,3049500,1.44
"712","HOFV",2021-01-07,1.46,1.68,1.43,1.58,4783600,1.58
"713","HOFV",2021-01-08,1.63,2.24,1.62,1.94,31198300,1.94
"714","HOFV",2021-01-11,1.9,1.94,1.74,1.79,4689800,1.79
"715","HOFV",2021-01-12,1.77,2.07,1.77,1.88,5460700,1.88
"716","HOFV",2021-01-13,1.91,1.95,1.8,1.89,2349900,1.89
"717","HOFV",2021-01-14,1.88,1.929,1.83,1.88,1826400,1.88
"718","HOFV",2021-01-15,1.87,1.91,1.75,1.79,2319900,1.79
"719","HOFV",2021-01-19,1.8,1.94,1.75,1.85,2678300,1.85
"720","HOFV",2021-01-20,2.09,2.21,1.96,1.99,6956900,1.99
"721","HOFV",2021-01-21,1.98,2.07,1.88,1.99,2765800,1.99
"722","HOFV",2021-01-22,1.94,2.05,1.92,1.98,1564200,1.98
"723","HOFV",2021-01-25,2.15,2.39,2.06,2.27,8286200,2.27
"724","HOFV",2021-01-26,2.38,2.81,2.36,2.58,8480200,2.58
"725","HOFV",2021-01-27,2.49,2.645,2.16,2.44,6364600,2.44
"726","HOFV",2021-01-28,2.45,2.5,2.12,2.4,3216400,2.4
"727","HOFV",2021-01-29,2.39,2.5,2.29,2.34,2610800,2.34
"728","HOFV",2021-02-01,2.4,2.62,2.28,2.38,5084100,2.38
"729","HOFV",2021-02-02,2.42,2.51,2.37,2.44,1885000,2.44
"730","HOFV",2021-02-03,2.48,3.25,2.41,3.12,20539400,3.12
"731","HOFV",2021-02-04,3.11,3.27,2.81,3.06,15212900,3.06
"732","HOFV",2021-02-05,3.032,3.35,2.88,3.1,10487400,3.1
"733","HOFV",2021-02-08,2.965,2.98,2.74,2.8,10219800,2.8
"734","HOFV",2021-02-09,2.864,3.16,2.85,3.02,6116100,3.02
"735","HOFV",2021-02-10,2.72,2.76,2.51,2.69,17376200,2.69
"736","HOFV",2021-02-11,2.675,2.71,2.55,2.65,4943700,2.65
"737","HOFV",2021-02-12,2.6,2.65,2.56,2.6,3798900,2.6
"738","HOFV",2021-02-16,2.68,2.905,2.65,2.74,10543600,2.74
"739","HOFV",2021-02-17,2.9,2.9,2.7,2.8,5760300,2.8
"740","HOFV",2021-02-18,2.72,2.74,2.58,2.64,4514400,2.64
"741","HOFV",2021-02-19,2.67,2.7,2.57,2.69,3076300,2.69
"742","HOFV",2021-02-22,2.69,2.835,2.6,2.63,5308800,2.63
"743","HOFV",2021-02-23,2.48,2.48,2.1,2.31,7628100,2.31
"744","HOFV",2021-02-24,2.35,2.58,2.34,2.46,2923200,2.46
"745","HOFV",2021-02-25,2.51,2.63,2.3,2.36,5103000,2.36
"746","HOFV",2021-02-26,2.37,2.38,2.19,2.29,3157700,2.29
"747","HOFV",2021-03-01,2.38,2.45,2.29,2.31,3394000,2.31
"748","HOFV",2021-03-02,2.37,2.37,2.261,2.3,1918500,2.3
"749","HOFV",2021-03-03,2.32,2.32,2.15,2.26,2562700,2.26
"750","HOFV",2021-03-04,2.15,2.24,1.85,1.96,5769600,1.96
"751","HOFV",2021-03-05,1.97,2.06,1.75,2.06,3789700,2.06
"752","HOFV",2021-03-08,2.05,2.08,1.96,2.04,1962100,2.04
"753","HOFV",2021-03-09,2.08,2.16,2.02,2.12,1903000,2.12
"754","HOFV",2021-03-10,2.15,2.18,2.07,2.1,1623300,2.1
"755","HOFV",2021-03-11,2.19,2.46,2.131,2.35,4523900,2.35
"756","HOFV",2021-03-12,2.34,2.63,2.3,2.49,4476400,2.49
"757","HOFV",2021-03-15,2.568,2.81,2.568,2.67,4213800,2.67
"758","HOFV",2021-03-16,2.8,2.8,2.52,2.67,3268200,2.67
"759","HOFV",2021-03-17,2.53,2.72,2.5,2.64,7453400,2.64
"760","HOFV",2021-03-18,2.87,3.29,2.7,2.73,26017600,2.73
"761","HOFV",2021-03-19,2.82,4.55,2.68,4,201623500,4
"762","HOFV",2021-03-22,3.89,5.89,3.8,5.29,251857400,5.29
"763","HOFV",2021-03-23,5.03,5.3,3.85,4.03,107271700,4.03
"764","HOFV",2021-03-24,7.25,7.64,5.51,5.6,229851500,5.6
"765","HOFV",2021-03-25,4.71,5.8,4.2,5.67,63695100,5.67
"766","HOFV",2021-03-26,5.27,5.47,4.91,5.15,23725500,5.15
"767","HOFV",2021-03-29,5.22,7,5.12,6.75,125896500,6.75
"768","HOFV",2021-03-30,6,6.32,5.16,5.5,43520600,5.5
"769","HOFV",2021-03-31,5.38,5.72,5,5.02,19829800,5.02
"770","HOFV",2021-04-01,5.31,5.36,4.74,4.93,26198900,4.93
"771","HOFV",2021-04-05,4.95,5.04,4.47,4.52,16953800,4.52
"772","HOFV",2021-04-06,4.382,4.68,4.27,4.48,9649900,4.48
"773","HOFV",2021-04-07,4.48,4.89,4.06,4.52,18420400,4.52
"774","HOFV",2021-04-08,5.05,5.06,4.33,4.39,34715500,4.39
"775","HOFV",2021-04-09,4.28,4.45,4.02,4.03,15685300,4.03
"776","HOFV",2021-04-12,3.97,4.07,3.62,3.76,10915400,3.76
"777","HOFV",2021-04-13,3.543,3.7,3.5,3.57,6820400,3.57
"778","HOFV",2021-04-14,3.53,3.92,3.5,3.62,14092200,3.62
"779","HOFV",2021-04-15,3.64,3.7,3.13,3.27,11814500,3.27
"780","HOFV",2021-04-16,3.27,3.33,2.94,3.13,12026100,3.13
"781","HOFV",2021-04-19,3.1,3.12,2.951,3.07,3978600,3.07
"782","HOFV",2021-04-20,3.04,3.36,3.01,3.11,8700000,3.11
"783","HOFV",2021-04-21,3.11,3.43,3.05,3.35,6734100,3.35
"784","HOFV",2021-04-22,3.455,3.95,3.32,3.5,20046100,3.5
"785","HOFV",2021-04-23,3.531,3.91,3.5,3.86,16905100,3.86
"786","HOFV",2021-04-26,3.86,4.28,3.81,4.1,12711000,4.1
"787","HOFV",2021-04-27,4.17,4.23,3.75,3.92,7257600,3.92
"788","HOFV",2021-04-28,3.86,4.09,3.72,3.93,7134200,3.93
"789","HOFV",2021-04-29,4.18,4.43,3.93,4.33,31558200,4.33
"790","HOFV",2021-04-30,4.15,4.25,4.015,4.1,7396500,4.1
"791","HOFV",2021-05-03,4,4.05,3.65,3.68,7342400,3.68
"792","HOFV",2021-05-04,3.66,4,3.5,3.81,8060600,3.81
"793","HOFV",2021-05-05,3.81,3.834,3.57,3.64,3378700,3.64
"794","HOFV",2021-05-06,3.68,3.72,3.33,3.45,3922200,3.45
"795","HOFV",2021-05-07,3.42,3.62,3.38,3.38,2348700,3.38
"796","HOFV",2021-05-10,3.4,3.45,3.22,3.26,2695000,3.26
"797","HOFV",2021-05-11,3.028,3.4,3.02,3.39,2939000,3.39
"798","HOFV",2021-05-12,3.31,3.511,3.08,3.14,3287200,3.14
"799","HOFV",2021-05-13,3.19,3.3,3,3.18,3747900,3.18
"800","HOFV",2021-05-14,3.2,3.375,3.16,3.3,3921500,3.3
"801","HOFV",2021-05-17,3.18,3.44,3.16,3.44,3818700,3.44
"802","HOFV",2021-05-18,3.35,3.525,3.315,3.34,2553100,3.34
"803","HOFV",2021-05-19,3.209,3.4,3.164,3.38,2397600,3.38
"804","HOFV",2021-05-20,3.44,3.66,3.4,3.61,3608200,3.61
"805","HOFV",2021-05-21,3.67,3.85,3.62,3.79,3864500,3.79
"806","HOFV",2021-05-24,3.77,3.77,3.55,3.65,2229000,3.65
"807","HOFV",2021-05-25,3.66,3.76,3.6,3.68,2109300,3.68
"808","HOFV",2021-05-26,3.68,3.95,3.65,3.82,7394000,3.82
"809","HOFV",2021-05-27,3.82,3.85,3.58,3.63,3113300,3.63
"810","HOFV",2021-05-28,3.6,3.72,3.55,3.65,2642500,3.65
"811","HOFV",2021-06-01,3.65,4.18,3.618,4.06,6225000,4.06
"812","HOFV",2021-06-02,4.03,4.16,3.95,4.11,5502000,4.11
"813","HOFV",2021-06-03,4.03,4.45,3.89,4.2,6192900,4.2
"814","HOFV",2021-06-04,4.258,4.295,4.09,4.25,2273800,4.25
"815","HOFV",2021-06-07,4.3,4.76,4.29,4.48,7811400,4.48
"816","HOFV",2021-06-08,4.55,4.625,4.16,4.46,5809200,4.46
"817","HOFV",2021-06-09,4.53,4.79,4.47,4.62,4988000,4.62
"818","HOFV",2021-06-10,4.65,4.67,4.36,4.49,2739600,4.49
"819","HOFV",2021-06-11,4.55,4.63,4.39,4.55,1991000,4.55
"820","HOFV",2021-06-14,4.5,4.69,4.47,4.58,1763200,4.58
"821","HOFV",2021-06-15,4.58,4.63,4.27,4.35,2824100,4.35
"822","HOFV",2021-06-16,4.33,4.535,4.31,4.52,1960200,4.52
"823","HOFV",2021-06-17,4.43,4.65,4.37,4.44,3199400,4.44
"824","HOFV",2021-06-18,4.4,4.571,4.34,4.43,2633800,4.43
"825","HOFV",2021-06-21,4.4,4.46,4.27,4.33,1716100,4.33
"826","HOFV",2021-06-22,4.28,4.35,4.17,4.35,1983600,4.35
"827","HOFV",2021-06-23,4.39,4.6,4.27,4.49,2588300,4.49
"828","HOFV",2021-06-24,4.528,4.7,4.48,4.6,3002100,4.6
"829","HOFV",2021-06-25,4.66,4.69,4.5,4.51,8686400,4.51
"830","HOFV",2021-06-28,4.504,4.53,4.33,4.37,1924200,4.37
"831","HOFV",2021-06-29,4.335,4.35,3.93,3.95,3266700,3.95
"832","HOFV",2021-06-30,3.95,4.08,3.7,3.93,3969100,3.93
"833","HOFV",2021-07-01,3.995,4.02,3.78,3.85,2218300,3.85
"834","HOFV",2021-07-02,3.81,3.83,3.63,3.64,2772700,3.64
"835","HOFV",2021-07-06,3.63,3.697,3.55,3.59,1777500,3.59
"836","HOFV",2021-07-07,3.59,3.6,3.25,3.28,2992300,3.28
"837","HOFV",2021-07-08,3.14,3.58,3.12,3.4,2531600,3.4
"838","HOFV",2021-07-09,3.76,3.949,3.61,3.67,5820400,3.67
"839","HOFV",2021-07-12,3.64,3.7,3.3,3.34,3672000,3.34
"840","HOFV",2021-07-13,3.35,3.39,3.271,3.31,1500100,3.31
"841","HOFV",2021-07-14,3.3,3.319,3.2,3.23,1736000,3.23
"842","HOFV",2021-07-15,3.23,3.36,3.18,3.27,2348100,3.27
"843","HOFV",2021-07-16,3.29,3.42,3.23,3.24,1984200,3.24
"844","HOFV",2021-07-19,3.11,3.23,3.06,3.18,1839400,3.18
"845","HOFV",2021-07-20,3.19,3.2,3.07,3.18,1446400,3.18
"846","HOFV",2021-07-21,3.18,3.4,3.18,3.37,1206600,3.37
"847","HOFV",2021-07-22,3.37,3.37,3.24,3.26,758000,3.26
"848","HOFV",2021-07-23,3.22,3.23,3.01,3.01,2040000,3.01
"849","HOFV",2021-07-26,3.02,3.129,2.97,3.04,2234500,3.04
"850","HOFV",2021-07-27,3.07,3.07,2.96,2.97,1706000,2.97
"851","HOFV",2021-07-28,3.01,3.035,2.83,2.93,2773500,2.93
"852","HOFV",2021-07-29,2.973,3.02,2.9,2.91,1264000,2.91
"853","HOFV",2021-07-30,2.96,3.13,2.89,2.96,2414600,2.96
"854","HOFV",2021-08-02,3.08,3.25,2.9,3.15,11274900,3.15
"855","HOFV",2021-08-03,3.03,3.05,2.85,2.91,4685300,2.91
"856","HOFV",2021-08-04,2.89,2.895,2.69,2.71,4517100,2.71
"857","HOFV",2021-08-05,2.69,3.08,2.68,2.93,3475300,2.93
"858","HOFV",2021-08-06,2.92,2.95,2.765,2.9,1623300,2.9
"859","HOFV",2021-08-09,2.88,3.02,2.859,2.96,1436400,2.96
"860","HOFV",2021-08-10,2.968,3.04,2.82,2.84,1459500,2.84
"861","HOFV",2021-08-11,2.86,3.01,2.82,3,1292100,3
"862","HOFV",2021-08-12,2.95,3,2.83,2.86,1233700,2.86
"863","HOFV",2021-08-13,2.94,2.94,2.84,2.86,892100,2.86
"864","HOFV",2021-08-16,2.85,2.85,2.72,2.78,1057300,2.78
"865","HOFV",2021-08-17,2.72,2.735,2.53,2.59,2288700,2.59
"866","HOFV",2021-08-18,2.61,2.8,2.57,2.65,1480600,2.65
"867","HOFV",2021-08-19,2.61,2.77,2.57,2.59,1238800,2.59
"868","HOFV",2021-08-20,2.568,2.63,2.51,2.55,1477900,2.55
"869","HOFV",2021-08-23,2.62,2.85,2.6,2.79,2076800,2.79
"870","HOFV",2021-08-24,2.8,3.03,2.78,2.98,3019900,2.98
"871","HOFV",2021-08-25,3.08,3.29,2.985,3.24,7726800,3.24
"872","HOFV",2021-08-26,3.19,3.34,3.01,3.06,4747100,3.06
"873","HOFV",2021-08-27,3.1,3.27,3.07,3.24,1878500,3.24
"874","HOFV",2021-08-30,3.33,3.54,3.31,3.33,4682600,3.33
"875","HOFV",2021-08-31,3.334,3.38,3.14,3.36,2497900,3.36
"876","HOFV",2021-09-01,3.36,3.39,3.235,3.35,2062800,3.35
"877","HOFV",2021-09-02,3.16,3.265,3.08,3.11,2589400,3.11
"878","HOFV",2021-09-03,3.11,3.129,3.04,3.08,1159000,3.08
"879","HOFV",2021-09-07,3.06,3.15,2.96,3.06,2665600,3.06
"880","HOFV",2021-09-08,3.03,3.07,2.855,2.89,3797300,2.89
"881","HOFV",2021-09-09,2.86,3.06,2.859,2.95,1653700,2.95
"882","HOFV",2021-09-10,2.96,3.09,2.9,3.01,1456400,3.01
"883","HOFV",2021-09-13,3.02,3.03,2.89,2.9,1329100,2.9
"884","HOFV",2021-09-14,2.9,2.95,2.74,2.78,1592200,2.78
"885","HOFV",2021-09-15,2.789,2.82,2.69,2.79,1028800,2.79
"886","HOFV",2021-09-16,2.79,2.919,2.695,2.85,1525900,2.85
"887","HOFV",2021-09-17,2.88,3.15,2.84,3.1,4730600,3.1
"888","HOFV",2021-09-20,2.94,3.1,2.93,3,1611300,3
"889","HOFV",2021-09-21,2.99,3.055,2.915,2.96,1075000,2.96
"890","HOFV",2021-09-22,2.94,3.09,2.94,3.05,1295500,3.05
"891","HOFV",2021-09-23,3.09,3.14,3.02,3.08,910700,3.08
"892","HOFV",2021-09-24,3.05,3.08,3.01,3.02,480600,3.02
"893","HOFV",2021-09-27,3,3.07,2.98,2.99,1011300,2.99
"894","HOFV",2021-09-28,2.96,2.97,2.715,2.75,2688200,2.75
"895","HOFV",2021-09-29,2.75,2.78,2.64,2.65,1772600,2.65
"896","HOFV",2021-09-30,2.67,2.7,2.6,2.65,815800,2.65
"897","HOFV",2021-10-01,2.66,2.691,2.58,2.66,1382700,2.66
"898","HOFV",2021-10-04,2.59,2.66,2.555,2.56,1214400,2.56
"899","HOFV",2021-10-05,2.6,2.64,2.565,2.58,580500,2.58
"900","HOFV",2021-10-06,2.56,2.65,2.56,2.6,959800,2.6
"901","HOFV",2021-10-07,2.6,2.68,2.55,2.57,1103900,2.57
"902","HOFV",2021-10-08,2.585,2.6,2.52,2.53,956000,2.53
"903","HOFV",2021-10-11,2.52,2.6,2.52,2.54,639800,2.54
"904","HOFV",2021-10-12,2.52,2.6,2.514,2.57,970900,2.57
"905","HOFV",2021-10-13,2.6,2.6,2.53,2.55,591100,2.55
"906","HOFV",2021-10-14,2.57,2.6,2.54,2.56,524700,2.56
"907","HOFV",2021-10-15,2.6,2.6,2.55,2.56,528200,2.56
"908","HOFV",2021-10-18,2.56,2.579,2.51,2.56,710700,2.56
"909","HOFV",2021-10-19,2.55,2.56,2.43,2.46,1496600,2.46
"910","HOFV",2021-10-20,2.46,2.46,2.39,2.41,929200,2.41
"911","HOFV",2021-10-21,2.44,2.49,2.405,2.43,971100,2.43
"912","HOFV",2021-10-22,2.4,2.415,2.33,2.36,1227000,2.36
"913","HOFV",2021-10-25,2.33,2.35,2.28,2.33,1359100,2.33
"914","HOFV",2021-10-26,2.35,2.36,2.152,2.2,2537400,2.2
"915","HOFV",2021-10-27,2.22,2.28,2.17,2.17,1406000,2.17
"916","HOFV",2021-10-28,2.17,2.32,2.13,2.25,1349600,2.25
"917","HOFV",2021-10-29,2.24,2.32,2.2,2.3,920300,2.3
"918","HOFV",2021-11-01,2.3,2.51,2.29,2.43,1864100,2.43
"919","HOFV",2021-11-02,2.43,2.469,2.29,2.34,1166500,2.34
"920","HOFV",2021-11-03,2.34,2.47,2.31,2.41,960800,2.41
"921","HOFV",2021-11-04,2.455,2.47,2.31,2.32,809300,2.32
"922","HOFV",2021-11-05,2.36,2.498,2.36,2.43,1916800,2.43
"923","HOFV",2021-11-08,2.48,2.534,2.4,2.43,1233800,2.43
"924","HOFV",2021-11-09,2.43,2.43,2.33,2.33,1085700,2.33
"925","HOFV",2021-11-10,2.35,2.37,2.21,2.23,1251300,2.23
"926","HOFV",2021-11-11,2.25,2.32,2.2,2.25,1097300,2.25
"927","HOFV",2021-11-12,2.23,2.359,2.211,2.31,1391000,2.31
"928","HOFV",2021-11-15,2.33,2.42,2.25,2.4,1398500,2.4
"929","HOFV",2021-11-16,2.366,2.366,2.2,2.21,1411100,2.21
"930","HOFV",2021-11-17,2.22,2.24,2.09,2.15,1740100,2.15
"931","HOFV",2021-11-18,2.1,2.11,2,2,2276400,2
"932","HOFV",2021-11-19,2.03,2.32,2,2.29,3419900,2.29
"933","HOFV",2021-11-22,2.25,2.28,2.04,2.09,1547000,2.09
"934","HOFV",2021-11-23,2.11,2.116,2,2.02,1060400,2.02
"935","HOFV",2021-11-24,2,2.1,1.94,2.05,1272300,2.05
"936","HOFV",2021-11-26,1.98,2.02,1.9,2,1162200,2
"937","HOFV",2021-11-29,2.02,2.05,1.93,1.93,1346300,1.93
"938","HOFV",2021-11-30,1.9,1.97,1.85,1.86,1773600,1.86
"939","HOFV",2021-12-01,1.9,1.99,1.78,1.8,1569100,1.8
"940","HOFV",2021-12-02,1.83,1.93,1.8,1.91,1218700,1.91
"941","HOFV",2021-12-03,1.9,2.03,1.88,1.94,3881600,1.94
"942","HOFV",2021-12-06,1.91,1.929,1.83,1.92,1179200,1.92
"943","HOFV",2021-12-07,1.98,2.06,1.965,2.03,1354100,2.03
"944","HOFV",2021-12-08,2.07,2.18,2,2.16,1188800,2.16
"945","HOFV",2021-12-09,2.26,2.279,1.97,1.99,1937100,1.99
"946","HOFV",2021-12-10,1.99,2,1.87,1.9,1352100,1.9
"947","HOFV",2021-12-13,1.9,1.92,1.76,1.8,1280900,1.8
"948","HOFV",2021-12-14,1.77,1.81,1.7,1.75,1388600,1.75
"949","HOFV",2021-12-15,1.76,1.83,1.655,1.77,1444400,1.77
"950","HOFV",2021-12-16,1.78,1.8,1.7,1.73,954100,1.73
"951","HOFV",2021-12-17,1.69,1.79,1.61,1.78,1515000,1.78
"952","HOFV",2021-12-20,1.76,1.76,1.65,1.69,999800,1.69
"953","HOFV",2021-12-21,1.74,1.77,1.69,1.76,1346000,1.76
"954","HOFV",2021-12-22,1.75,1.83,1.68,1.74,1198900,1.74
"955","HOFV",2021-12-23,1.76,1.8,1.715,1.78,1579500,1.78
"956","HOFV",2021-12-27,1.76,1.779,1.6,1.64,2224000,1.64
"957","HOFV",2021-12-28,1.64,1.66,1.53,1.55,2116500,1.55
"958","HOFV",2021-12-29,1.55,1.58,1.48,1.52,2235500,1.52
"959","HOFV",2021-12-30,1.475,1.67,1.475,1.61,1985800,1.61
"960","HOFV",2021-12-31,1.57,1.609,1.52,1.52,1643600,1.52
"961","HOFV",2022-01-03,1.57,1.83,1.55,1.78,2443200,1.78
"962","HOFV",2022-01-04,1.81,1.93,1.73,1.75,2403000,1.75
"963","HOFV",2022-01-05,1.75,1.79,1.56,1.655,1245200,1.655
"964","HOFV",2022-01-06,1.65,1.67,1.58,1.625,475800,1.625
"965","HOFV",2022-01-07,1.62,1.665,1.54,1.58,960200,1.58
"966","HOFV",2022-01-10,1.59,1.593,1.495,1.59,1130600,1.59
"967","HOFV",2022-01-11,1.59,1.61,1.54,1.58,1001800,1.58
"968","HOFV",2022-01-12,1.6,1.61,1.54,1.54,564200,1.54
"969","HOFV",2022-01-13,1.556,1.645,1.48,1.49,1508600,1.49
"970","HOFV",2022-01-14,1.5,1.51,1.38,1.45,1680700,1.45
"971","HOFV",2022-01-18,1.44,1.44,1.34,1.34,1300400,1.34
"972","HOFV",2022-01-19,1.35,1.41,1.32,1.33,1052800,1.33
"973","HOFV",2022-01-20,1.36,1.41,1.3,1.3,1241800,1.3
"974","HOFV",2022-01-21,1.29,1.3,1.14,1.14,3056900,1.14
"975","HOFV",2022-01-24,1.11,1.4,1.103,1.33,5839000,1.33
"976","HOFV",2022-01-25,1.29,1.3,1.17,1.21,2612600,1.21
"977","HOFV",2022-01-26,1.26,1.26,1.11,1.12,2895500,1.12
"978","HOFV",2022-01-27,1.24,1.25,1.04,1.07,9164000,1.07
"979","HOFV",2022-01-28,1.05,1.1,1.01,1.07,2053800,1.07
"980","HOFV",2022-01-31,1.08,1.18,1.072,1.16,2071100,1.16
"981","HOFV",2022-02-01,1.15,1.16,1.1,1.15,1710900,1.15
"982","HOFV",2022-02-02,1.18,1.18,1.08,1.08,926100,1.08
"983","HOFV",2022-02-03,1.1,1.11,1.06,1.09,1045300,1.09
"984","HOFV",2022-02-04,1.09,1.13,1.06,1.12,1409900,1.12
"985","HOFV",2022-02-07,1.13,1.147,1.07,1.09,1010100,1.09
"986","HOFV",2022-02-08,1.09,1.115,1.08,1.11,1235500,1.11
"987","HOFV",2022-02-09,1.11,1.14,1.09,1.12,2577500,1.12
"988","HOFV",2022-02-10,1.1,1.15,1.07,1.14,4284600,1.14
"989","HOFV",2022-02-11,1.21,1.21,1.07,1.1,3029100,1.1
"990","HOFV",2022-02-14,1.1,1.13,1.07,1.09,1347300,1.09
"991","HOFV",2022-02-15,1.12,1.15,1.1,1.12,1634600,1.12
"992","HOFV",2022-02-16,1.11,1.14,1.1,1.13,1544000,1.13
"993","HOFV",2022-02-17,1.12,1.15,1.08,1.08,982600,1.08
"994","HOFV",2022-02-18,1.09,1.13,1.06,1.09,1329600,1.09
